"date","ip","oilprice","coreCPI","vehicleMiles","gasolineCPI","unemp","population","year","month","oil_supply_surprise_series","oil_supply_news_shock"
1975-01-01,41.4676,11.16,52.3,NA,42.3,8.1,214998,1975,1,0,-0.335872093687563
1975-02-01,40.5165,11.16,52.8,NA,42.4,8.1,215132,1975,2,0,0.764941019245639
1975-03-01,40.0638,11.16,53,NA,42.5,8.6,215276,1975,3,0,-0.4159469506284
1975-04-01,40.1573,11.16,53.3,NA,43,8.8,215438,1975,4,0,-0.368402099131354
1975-05-01,40.0253,11.16,53.5,NA,43.8,9,215646,1975,5,0,-0.0807136925643989
1975-06-01,40.2772,11.16,53.8,NA,45.1,8.8,215871,1975,6,0,0.0394777803600036
1975-07-01,40.6994,11.16,54,NA,47,8.6,216084,1975,7,0,0.0187130649899911
1975-08-01,41.0998,11.16,54.2,NA,47.3,8.4,216294,1975,8,0,-0.54262511374097
1975-09-01,41.6304,11.16,54.5,NA,47.4,8.4,216490,1975,9,0,-0.258413446471878
1975-10-01,41.8135,11.16,54.8,NA,47.2,8.4,216679,1975,10,0,-1.00122668799388
1975-11-01,41.8697,11.16,55.2,NA,46.8,8.3,216851,1975,11,0,-0.00335216263205808
1975-12-01,42.4414,11.16,55.5,NA,46.6,8.2,217013,1975,12,0,-0.305537265040514
1976-01-01,43.0012,11.16,55.9,NA,46.5,7.9,217172,1976,1,0,-0.119521441375063
1976-02-01,43.4229,12.03,56.2,NA,46,7.7,217315,1976,2,0,-0.213669531683717
1976-03-01,43.5168,12.1,56.5,NA,45.4,7.6,217455,1976,3,0,-0.466458187322301
1976-04-01,43.7327,12.17,56.7,NA,45.2,7.7,217607,1976,4,0,-0.645696087236409
1976-05-01,43.9186,12.17,57,NA,45.9,7.4,217773,1976,5,0,-0.906661073171383
1976-06-01,43.9637,12.17,57.2,NA,47.1,7.6,217948,1976,6,0,0.281739247184441
1976-07-01,44.2141,12.17,57.6,NA,47.7,7.8,218134,1976,7,0,-0.289355398470902
1976-08-01,44.5182,12.17,57.9,NA,48,7.8,218337,1976,8,0,0.289886048548717
1976-09-01,44.6721,13.9,58.2,NA,48.1,7.6,218542,1976,9,0,0.605330294271623
1976-10-01,44.6585,13.9,58.5,NA,48.1,7.7,218739,1976,10,0,0.330871252700835
1976-11-01,45.3392,13.9,58.7,NA,48,7.8,218920,1976,11,0,-0.581065090898637
1976-12-01,45.8294,13.9,58.9,NA,47.9,7.8,219093,1976,12,0,0.209662749980147
1977-01-01,45.5087,13.9,59.3,NA,47.9,7.5,219262,1977,1,0,-0.140804591524501
1977-02-01,46.2277,13.9,59.7,NA,48.5,7.6,219424,1977,2,0,0.19554856740662
1977-03-01,46.8185,13.9,60,NA,48.8,7.4,219594,1977,3,0,-0.506902054628058
1977-04-01,47.2684,13.9,60.3,NA,49.4,7.2,219772,1977,4,0,0.306687718035707
1977-05-01,47.6411,13.9,60.6,NA,50,7,219953,1977,5,0,0.0595750347963894
1977-06-01,48.0116,13.9,61,NA,50.3,7.2,220143,1977,6,0,-0.0270897525460388
1977-07-01,48.073,13.9,61.2,NA,50.4,6.9,220349,1977,7,0,0.484324338967232
1977-08-01,48.1205,14.85,61.5,NA,50.4,7,220573,1977,8,0,0.409870501782462
1977-09-01,48.3189,14.85,61.8,NA,50.3,6.8,220796,1977,9,0,-0.128768325170108
1977-10-01,48.3871,14.85,62,NA,50.2,6.8,221007,1977,10,0,-0.689824042791214
1977-11-01,48.4761,14.85,62.3,NA,50.1,6.8,221206,1977,11,0,0.508348872637941
1977-12-01,48.5629,14.85,62.7,NA,50.2,6.4,221390,1977,12,0,-0.324918696256646
1978-01-01,47.8481,14.85,63.1,NA,50.2,6.4,221553,1978,1,0,0.00161546784330722
1978-02-01,48.1044,14.85,63.4,NA,50.1,6.3,221711,1978,2,0,-0.723915704134937
1978-03-01,49.0265,14.85,63.8,NA,50,6.3,221892,1978,3,0,-0.160238223148872
1978-04-01,50.0206,14.85,64.3,NA,50.2,6.1,222084,1978,4,0,-0.643498896965677
1978-05-01,50.254,14.85,64.7,NA,50.7,6,222278,1978,5,0,-0.158121354759336
1978-06-01,50.5801,14.85,65.2,NA,51.3,5.9,222482,1978,6,0,0.10678116852449
1978-07-01,50.5384,14.85,65.6,NA,52.1,6.2,222697,1978,7,0,0.391685986093938
1978-08-01,50.7458,14.85,66.1,NA,52.8,5.9,222933,1978,8,0,-0.603806834858119
1978-09-01,50.8744,14.85,66.7,NA,53.2,6,223168,1978,9,0,0.43313357092326
1978-10-01,51.2559,14.85,67.2,NA,53.3,5.8,223383,1978,10,0,-0.157233801085298
1978-11-01,51.6514,14.85,67.6,NA,53.8,5.9,223585,1978,11,0,-0.345274924760462
1978-12-01,51.909,14.85,68,NA,54.5,6,223781,1978,12,0,-0.539770632119807
1979-01-01,51.6278,14.85,68.5,NA,55.2,5.9,223973,1979,1,0,0.37430863405286
1979-02-01,51.8752,15.85,69.2,NA,56.3,5.9,224150,1979,2,0,0.267053998432802
1979-03-01,52.0446,15.85,69.8,NA,58.3,5.8,224333,1979,3,0,-0.0921330011353996
1979-04-01,51.4193,15.85,70.3,NA,62,5.8,224529,1979,4,0,0.293075614091152
1979-05-01,51.8856,18.1,70.8,NA,65.4,5.6,224734,1979,5,0,0.0230869594287253
1979-06-01,51.8965,19.1,71.3,NA,70,5.7,224948,1979,6,0,0.904701654377152
1979-07-01,51.8097,21.75,71.9,NA,74,5.7,225174,1979,7,0,0.777081727389002
1979-08-01,51.4684,26.5,72.7,NA,77.1,6,225419,1979,8,0,0.99373275047601
1979-09-01,51.4597,28.5,73.3,NA,79.5,5.9,225662,1979,9,0,0.417735314181005
1979-10-01,51.8334,29,74,NA,80.2,6,225893,1979,10,0,0.319755175508592
1979-11-01,51.7531,31,74.8,NA,81.1,5.9,226120,1979,11,0,0.499633236861845
1979-12-01,51.7878,32.5,75.7,NA,82.9,6,226339,1979,12,0,0.36992543948942
1980-01-01,52.0679,32.5,76.7,NA,88.4,6.3,226554,1980,1,0,0.0691590661347397
1980-02-01,52.082,37,77.5,NA,94.5,6.3,226753,1980,2,0,0.876190246960026
1980-03-01,51.87,38,78.6,NA,98,6.3,226955,1980,3,0,0.308884826387242
1980-04-01,50.8397,39.5,79.5,NA,99,6.9,227156,1980,4,0,0.641327970135665
1980-05-01,49.589,39.5,80.1,NA,99.2,7.5,227387,1980,5,0,0.317592612016581
1980-06-01,48.9482,39.5,81,NA,99.4,7.6,227624,1980,6,0,-0.0726313074827823
1980-07-01,48.6039,39.5,80.8,NA,99.5,7.8,227840,1980,7,0,-0.737014703788749
1980-08-01,48.7563,38,81.3,NA,99.3,7.7,228070,1980,8,0,-0.322879124856098
1980-09-01,49.5608,36,82.1,NA,98.5,7.5,228302,1980,9,0,-0.602921211628476
1980-10-01,50.1908,36,83,NA,97.9,7.5,228515,1980,10,0,-0.177584144787156
1980-11-01,51.0311,36,83.9,NA,97.9,7.5,228696,1980,11,0,-0.00200757965234231
1980-12-01,51.3708,37,84.9,NA,98.6,7.2,228858,1980,12,0,-0.000383511288437674
1981-01-01,51.0415,38,85.4,NA,101.7,7.5,229004,1981,1,0,0.375124222325832
1981-02-01,50.824,38,85.9,NA,108.5,7.4,229148,1981,2,0,-0.0108060273699782
1981-03-01,51.0826,38,86.4,NA,111.1,7.4,229314,1981,3,0,0.23769542488797
1981-04-01,50.858,38,87,NA,110.8,7.2,229489,1981,4,0,0.471012499116997
1981-05-01,51.1495,38,87.8,NA,110,7.5,229668,1981,5,0,0.338405828114261
1981-06-01,51.4101,36,88.6,NA,109.5,7.5,229864,1981,6,0,0.265192861077221
1981-07-01,51.7471,36,89.8,NA,109.1,7.2,230077,1981,7,0,0.336508844760219
1981-08-01,51.6826,36,90.7,NA,108.7,7.4,230300,1981,8,0,-0.12834425667598
1981-09-01,51.4337,36,91.8,NA,108.6,7.6,230527,1981,9,0,0.206981431619188
1981-10-01,51.0281,35,92.1,NA,108.3,7.9,230732,1981,10,0,-0.542965606753912
1981-11-01,50.435,36,92.5,NA,108.2,8.3,230906,1981,11,0,-0.146755314334523
1981-12-01,49.8987,35,93,NA,107.9,8.5,231073,1981,12,0,0.198060511672843
1982-01-01,48.8685,33.85,93.3,NA,107.2,8.6,231235,1982,1,0,0.110766251839963
1982-02-01,49.8636,31.56,93.8,NA,105.4,8.9,231392,1982,2,0,-0.930084602955446
1982-03-01,49.5323,28.48,93.9,NA,101.4,9,231558,1982,3,0,-0.648481311064815
1982-04-01,49.075,33.45,94.7,NA,96.9,9.3,231727,1982,4,0,0.803045623560591
1982-05-01,48.7483,35.93,95.4,NA,97.8,9.4,231901,1982,5,0,0.683273110448127
1982-06-01,48.6214,35.07,96.1,NA,103.6,9.6,232090,1982,6,0,0.638769045657953
1982-07-01,48.4616,34.16,96.7,NA,105.7,9.8,232290,1982,7,0,0.063312361601529
1982-08-01,48.0192,33.95,97.1,NA,105.2,9.8,232496,1982,8,0,0.766510098103911
1982-09-01,47.9008,35.63,97.2,NA,104.1,10.1,232708,1982,9,0,-0.0179641320764875
1982-10-01,47.4371,35.68,97.5,NA,103.2,10.4,232905,1982,10,0,0.834996788174688
1982-11-01,47.283,34.15,97.3,NA,102.5,10.8,233077,1982,11,0,0.430724470065761
1982-12-01,46.9485,31.72,97.2,NA,100.7,10.8,233241,1982,12,0,-0.107172329958963
1983-01-01,47.8234,31.19,97.6,NA,98.2,10.4,233398,1983,1,0,-0.47968574866433
1983-02-01,47.5233,28.95,98,NA,94.9,10.4,233543,1983,2,0,-0.132742472063858
1983-03-01,47.9244,28.82,98.2,NA,92.1,10.3,233697,1983,3,0,-0.300871198787813
1983-04-01,48.5311,30.61,98.6,NA,97.1,10.2,233852,1983,4,0,0.361423752357875
1983-05-01,48.8239,30,98.9,NA,100.6,10.1,234020,1983,5,0,0.137965946045829
1983-06-01,49.123,31,99.2,NA,102,10.1,234213,1983,6,0,-0.00200551806633665
1983-07-01,49.8546,31.66,99.8,NA,102.8,9.4,234404,1983,7,0.231934594151511,0.573347118140154
1983-08-01,50.4443,31.91,100.1,NA,102.9,9.5,234601,1983,8,0,-0.0925707316964683
1983-09-01,51.178,31.11,100.5,NA,102.2,9.2,234804,1983,9,0,0.199854028490223
1983-10-01,51.5693,30.41,101,NA,101,8.8,234993,1983,10,0,0.5011235571627
1983-11-01,51.7993,29.84,101.5,NA,99.9,8.5,235157,1983,11,0,-0.0926669392561666
1983-12-01,52.0594,29.24,101.8,NA,99.1,8.3,235310,1983,12,-0.157796763083535,-0.264404377208514
1984-01-01,53.0985,29.69,102.5,NA,97.8,8,235456,1984,1,0,0.0438378968429577
1984-02-01,53.3318,30.145,102.8,NA,97.4,7.8,235601,1984,2,0,-0.165665771410091
1984-03-01,53.5929,30.761,103.2,NA,97.4,7.8,235757,1984,3,0,-0.0285943333156109
1984-04-01,53.91,30.618,103.7,NA,98.8,7.7,235916,1984,4,0,0.335253958436364
1984-05-01,54.2026,30.52,104.1,NA,99.5,7.4,236077,1984,5,0,-0.446326138032995
1984-06-01,54.4014,29.967,104.5,NA,99,7.2,236254,1984,6,0,0.255191616157623
1984-07-01,54.5521,28.752,105,NA,97.7,7.5,236449,1984,7,0.147527592170698,-0.101630679274288
1984-08-01,54.6083,29.25,105.4,NA,96.6,7.5,236655,1984,8,0,-0.286013904680438
1984-09-01,54.4466,29.311,105.8,NA,97.1,7.3,236868,1984,9,0,0.0953285972580269
1984-10-01,54.4406,28.765,106.2,NA,97.8,7.4,237068,1984,10,1.07254752897919,0.115891047779946
1984-11-01,54.624,28.098,106.4,NA,97.5,7.2,237238,1984,11,0,-0.357476362536437
1984-12-01,54.6416,25.429,106.8,NA,96.6,7.3,237392,1984,12,-1.29817203867771,-0.411713644924671
1985-01-01,54.6322,25.641,107.1,NA,94.2,7.3,237535,1985,1,0.55229874566231,-0.0367055049103892
1985-02-01,54.7825,27.271,107.7,NA,92.9,7.2,237667,1985,2,0,0.194554738689977
1985-03-01,54.8653,28.238,108.1,NA,95.1,7.2,237816,1985,3,0,0.52058570173763
1985-04-01,54.7459,28.805,108.4,NA,98.7,7.3,237987,1985,4,0,0.104905489570903
1985-05-01,54.8255,27.623,108.8,NA,100.7,7.2,238172,1985,5,0,-0.392459209973891
1985-06-01,54.7989,27.143,109.1,NA,101.6,7.4,238368,1985,6,0,-0.00320986903915352
1985-07-01,54.5396,27.329,109.4,NA,101.8,7.4,238573,1985,7,-0.19225472175743,0.109097344743427
1985-08-01,54.7055,27.755,109.8,NA,100.8,7.1,238789,1985,8,0,-0.157640514068684
1985-09-01,54.8906,28.289,110,NA,99.7,7.1,239006,1985,9,0,0.199595992654473
1985-10-01,54.7199,29.538,110.5,NA,98.8,7.1,239210,1985,10,-1.34770917063301,0.543211876646492
1985-11-01,54.9124,30.813,111.1,NA,99.3,7,239392,1985,11,0,0.576665057551796
1985-12-01,55.4412,27.228,111.4,NA,99.5,7,239558,1985,12,-3.85987888776337,-0.351491978334452
1986-01-01,55.7481,22.945,111.9,NA,98.4,6.7,239713,1986,1,0,-0.724689402770377
1986-02-01,55.3568,15.442,112.2,NA,92.7,7.2,239858,1986,2,0,-1.95690791939358
1986-03-01,54.9625,12.618,112.5,NA,81.3,7.2,240011,1986,3,0,-0.915404728553554
1986-04-01,55.0413,12.847,112.9,NA,73.6,7.1,240183,1986,4,0.542388391274499,-0.67643017167011
1986-05-01,55.1226,15.444,113.1,NA,76.3,7.2,240365,1986,5,0,0.997537947792132
1986-06-01,54.9005,13.469,113.4,NA,79,7.2,240555,1986,6,0,-0.934590631732276
1986-07-01,55.2592,11.575,113.8,NA,73.9,7,240753,1986,7,0,-0.787874452229062
1986-08-01,55.1567,15.092,114.2,NA,70.1,6.9,240961,1986,8,9.39503096618198,2.07797260029266
1986-09-01,55.2975,14.913,114.6,NA,71.5,7,241171,1986,9,0,-0.710698501981009
1986-10-01,55.5332,14.852,115,NA,69.4,7,241371,1986,10,-1.07762803099699,-0.240377760888567
1986-11-01,55.7557,15.207,115.3,NA,68.7,6.9,241544,1986,11,0,0.365740611967412
1986-12-01,56.2845,16.076,115.6,NA,69,6.6,241702,1986,12,3.03732021767022,0.126878395536287
1987-01-01,56.0882,18.656,115.9,NA,72.7,6.6,241857,1987,1,0,1.59211033785754
1987-02-01,56.8275,17.726,116.2,NA,75.9,6.6,242005,1987,2,0,-0.942506442832647
1987-03-01,56.9098,18.305,116.6,NA,76.4,6.6,242166,1987,3,0,0.29953674631671
1987-04-01,57.2701,18.643,117.3,NA,78.4,6.3,242338,1987,4,0,0.0049201797664371
1987-05-01,57.6322,19.415,117.7,NA,79,6.3,242516,1987,5,0,0.234008288648181
1987-06-01,57.9307,20.034,117.9,NA,80.7,6.2,242706,1987,6,1.24591549879471,0.471458958130922
1987-07-01,58.3258,21.355,118.3,NA,82.1,6.1,242908,1987,7,0,0.645568197257892
1987-08-01,58.7636,20.274,118.7,NA,84.3,6,243118,1987,8,0,-0.0231653707914812
1987-09-01,58.9951,19.526,119.2,NA,84,5.9,243335,1987,9,0,0.198635101892544
1987-10-01,59.781,19.848,119.8,NA,83.1,6,243543,1987,10,0,-0.0504692207840099
1987-11-01,60.0726,18.92,120.1,NA,83.1,5.8,243724,1987,11,0,-0.417324001377716
1987-12-01,60.4095,17.241,120.4,NA,81.8,5.7,243895,1987,12,-4.23975867264042,-0.659040690233554
1988-01-01,60.3976,17.16,120.9,NA,79.5,5.7,244056,1988,1,0,0.514787384641191
1988-02-01,60.7003,16.765,121.2,NA,78.1,5.7,244205,1988,2,0,-0.322661160308299
1988-03-01,60.8501,16.217,121.7,NA,77.3,5.7,244362,1988,3,0,-0.684396446122799
1988-04-01,61.2031,17.875,122.3,NA,79.2,5.4,244528,1988,4,0,0.844493365640824
1988-05-01,61.0797,17.438,122.7,NA,81.3,5.6,244708,1988,5,0,-0.42881590452165
1988-06-01,61.2569,16.53,123.2,NA,81.3,5.4,244914,1988,6,2.36031692418846,-0.787319440620672
1988-07-01,61.2659,15.498,123.6,NA,82.3,5.4,245131,1988,7,0,-0.477802148041519
1988-08-01,61.5731,15.524,124,NA,84.2,5.6,245352,1988,8,0,0.0581884967061619
1988-09-01,61.3807,14.467,124.7,NA,83.1,5.4,245579,1988,9,0,-0.466476736628646
1988-10-01,61.6453,13.798,125.2,NA,81.6,5.4,245789,1988,10,0,-0.350949039101019
1988-11-01,61.7944,13.977,125.6,NA,81.4,5.3,245970,1988,11,5.96040414182561,-0.386668352048978
1988-12-01,62.0743,16.266,126,NA,80.3,5.3,246140,1988,12,0,0.754926567711496
1989-01-01,62.2574,17.983,126.5,NA,79.4,5.4,246301,1989,1,0,0.0328751802251597
1989-02-01,61.9819,17.826,126.9,NA,80.1,5.2,246454,1989,2,0,-0.329413307108547
1989-03-01,62.1369,19.445,127.4,NA,81.3,5,246626,1989,3,0,0.162483672285245
1989-04-01,62.1276,21.04,127.8,NA,92.1,5.2,246814,1989,4,0,0.799725274645507
1989-05-01,61.7744,20.032,128.3,NA,96.7,5.2,247010,1989,5,0,-0.11361169449424
1989-06-01,61.7697,20.005,128.8,NA,96.2,5.3,247228,1989,6,-3.12820330733857,-0.464027374464006
1989-07-01,61.1738,19.644,129.2,NA,94.6,5.2,247458,1989,7,0,0.665495649711846
1989-08-01,61.7732,18.522,129.5,NA,91.1,5.2,247695,1989,8,0,-0.721398795284261
1989-09-01,61.5796,19.594,129.9,NA,88.8,5.3,247942,1989,9,0.983151794719587,0.756907610514012
1989-10-01,61.4966,20.091,130.6,NA,88.8,5.3,248174,1989,10,0,0.424724983350714
1989-11-01,61.7044,19.82,131.1,NA,87,5.4,248380,1989,11,-1.79021898744273,0.100939923662791
1989-12-01,62.0428,21.088,131.6,NA,85.5,5.4,248569,1989,12,0,0.311114125346707
1990-01-01,61.729,22.641,132.1,NA,90.6,5.4,248743,1990,1,0,0.862014399269816
1990-02-01,62.2896,22.108,132.7,NA,90.2,5.3,248920,1990,2,0,-0.797669283543816
1990-03-01,62.5999,20.418,133.5,NA,89.1,5.2,249146,1990,3,0,-0.0891085875832624
1990-04-01,62.4359,18.582,134,NA,91,5.4,249436,1990,4,0,0.0372444989811605
1990-05-01,62.6258,18.237,134.4,NA,92.4,5.4,249707,1990,5,0,-0.799985426938489
1990-06-01,62.8382,16.871,135.1,NA,94.6,5.2,249990,1990,6,0,0.0874991568719935
1990-07-01,62.7284,18.638,135.8,NA,94.4,5.5,250285,1990,7,0.490727302394848,0.536940627141646
1990-08-01,62.9475,27.174,136.6,NA,103.1,5.7,250595,1990,8,0,1.39610097584979
1990-09-01,62.9523,33.687,137.1,NA,111.8,5.9,250904,1990,9,0,0.718322421761476
1990-10-01,62.5845,35.922,137.6,NA,118.7,5.9,251201,1990,10,0,0.300209053192689
1990-11-01,61.7887,32.3,138,NA,118.8,6.2,251486,1990,11,0,-0.655508110022641
1990-12-01,61.3352,27.337,138.6,NA,117,6.3,251758,1990,12,2.80681079594207,-0.265975248017931
1991-01-01,61.1355,24.959,139.5,NA,108,6.4,252012,1991,1,0,-0.177283660136009
1991-02-01,60.6838,20.523,140.2,NA,99.3,6.6,252253,1991,2,0,-0.898192247496545
1991-03-01,60.3346,19.86,140.5,NA,94.2,6.8,252507,1991,3,3.14608852645629,0.430265049588179
1991-04-01,60.4938,20.823,140.9,NA,95.9,6.7,252778,1991,4,0,-0.287364807729055
1991-05-01,61.0633,21.24,141.3,NA,100.2,6.9,253060,1991,5,0,-0.43159423527493
1991-06-01,61.5581,20.195,141.8,NA,100.6,6.9,253350,1991,6,-0.57075716752085,-0.414784056048067
1991-07-01,61.7305,21.42,142.3,NA,98.2,6.8,253650,1991,7,0,0.176537089252266
1991-08-01,61.7298,21.688,142.9,NA,99.3,6.9,253966,1991,8,0,-0.0210569938108494
1991-09-01,62.2195,21.857,143.4,NA,99.8,6.9,254280,1991,9,0.116948614520796,0.185522407657951
1991-10-01,62.1855,23.228,143.7,NA,98.2,7,254576,1991,10,0,0.382734933554376
1991-11-01,62.0871,22.465,144.2,NA,99.1,7,254841,1991,11,1.65778246564594,0.121163045074818
1991-12-01,61.7852,19.517,144.7,NA,98.1,7.3,255089,1991,12,0,-0.416038353163543
1992-01-01,61.4616,18.82,145.1,NA,94.3,7.3,255331,1992,1,0,-0.0054831453084154
1992-02-01,61.8955,18.995,145.4,NA,92.7,7.4,255576,1992,2,-5.5158718391117,0.123748079817395
1992-03-01,62.4232,18.916,145.9,NA,93.2,7.4,255848,1992,3,0,-0.276327684132996
1992-04-01,62.897,20.243,146.3,NA,94.8,7.4,256139,1992,4,0,0.263222833290338
1992-05-01,63.104,20.94,146.8,NA,99.4,7.6,256437,1992,5,4.13584180311843,0.293003099250291
1992-06-01,63.1363,22.375,147.1,NA,103,7.8,256742,1992,6,0,0.50864070393406
1992-07-01,63.7176,21.759,147.6,NA,102.9,7.7,257063,1992,7,0,-0.687770436297005
1992-08-01,63.3613,21.35,147.9,NA,101.8,7.6,257390,1992,8,0,0.664603656753952
1992-09-01,63.5703,21.902,148.1,NA,101.8,7.6,257704,1992,9,-0.574286236521798,0.0633407249280822
1992-10-01,63.9995,21.688,148.8,NA,101.5,7.3,258004,1992,10,0,0.0504949957923686
1992-11-01,64.2422,20.342,149.2,NA,102.2,7.4,258280,1992,11,-1.46372132955356,0.0608875589736712
1992-12-01,64.3507,19.407,149.6,NA,100.1,7.4,258546,1992,12,0,0.380414895150466
1993-01-01,64.5978,19.075,150.1,NA,98.5,7.3,258799,1993,1,0,0.143883531562377
1993-02-01,64.9089,20.053,150.6,NA,97.8,7.1,259036,1993,2,-0.125656611570755,0.0607803822379032
1993-03-01,64.8522,20.347,150.8,NA,97.1,7,259283,1993,3,0,-0.072401818525498
1993-04-01,65.0301,20.27,151.4,NA,98.2,7.1,259547,1993,4,0,-0.0961737577741612
1993-05-01,64.784,19.94,151.8,NA,99.6,7.1,259822,1993,5,0,0.0816904494192871
1993-06-01,64.9301,19.07,152.1,NA,99.6,7,260109,1993,6,-1.28444495026346,-0.365411384722697
1993-07-01,65.1052,17.866,152.3,NA,98,6.9,260411,1993,7,0,-0.072765745318301
1993-08-01,65.0267,18.009,152.8,NA,96.9,6.8,260717,1993,8,0,0.178863474514259
1993-09-01,65.3717,17.514,152.9,NA,95.9,6.7,261015,1993,9,0.268710327745851,-0.310214535870835
1993-10-01,65.8509,18.145,153.4,NA,99.2,6.8,261294,1993,10,0,0.395397283177517
1993-11-01,66.1518,16.699,153.9,NA,97.8,6.6,261550,1993,11,-5.23744387904339,-0.56095816522572
1993-12-01,66.5436,14.51,154.3,NA,94.2,6.5,261796,1993,12,0,-0.632276556371129
1994-01-01,66.7351,15,154.5,NA,92.1,6.6,262021,1994,1,0,0.498301606405775
1994-02-01,66.774,14.78,154.8,NA,93,6.6,262237,1994,2,0,-0.297883332109008
1994-03-01,67.4552,14.66,155.3,NA,92.7,6.5,262491,1994,3,-4.92820536293997,-0.491566248637805
1994-04-01,67.8541,16.38,155.5,NA,94.3,6.4,262754,1994,4,0,0.418264118243607
1994-05-01,68.1663,17.88,155.9,NA,95.6,6.1,263014,1994,5,0,0.111342772192112
1994-06-01,68.6265,19.07,156.4,NA,97.9,6.1,263294,1994,6,-0.591322382521469,-0.102898277154394
1994-07-01,68.7178,19.65,156.7,NA,100.4,6.1,263580,1994,7,0,0.388141783403156
1994-08-01,69.1785,18.38,157.1,NA,104.1,6,263871,1994,8,0,-0.527618993815119
1994-09-01,69.3961,17.46,157.5,NA,103.6,5.9,264159,1994,9,0,-0.219345036645273
1994-10-01,69.9544,17.71,157.8,NA,101.7,5.8,264430,1994,10,0,-0.113741804228317
1994-11-01,70.4326,18.1,158.2,NA,102.6,5.6,264681,1994,11,1.7513238756745,-0.0861868735754588
1994-12-01,71.1523,17.16,158.3,NA,100.2,5.5,264924,1994,12,0,-0.676136841633212
1995-01-01,71.2734,17.99,159,NA,98.4,5.6,265157,1995,1,0,0.472791921714428
1995-02-01,71.193,18.53,159.4,NA,97.7,5.4,265383,1995,2,0,0.223011113017049
1995-03-01,71.3113,18.55,159.9,NA,97.2,5.4,265625,1995,3,0,-0.280817739377686
1995-04-01,71.1882,19.87,160.4,NA,99.3,5.8,265877,1995,4,0,0.594552870898163
1995-05-01,71.5378,19.74,160.7,NA,104.2,5.6,266134,1995,5,0,-0.342970030716591
1995-06-01,71.7749,18.42,161.1,NA,106.3,5.6,266414,1995,6,0.420489285088729,-0.430756370044666
1995-07-01,71.4748,17.3,161.4,NA,103.7,5.7,266700,1995,7,0,0.0742090287564134
1995-08-01,72.4223,18.03,161.8,NA,101,5.7,266998,1995,8,0,-0.143817144335295
1995-09-01,72.7144,18.23,162.2,NA,99.7,5.6,267304,1995,9,0,0.343114713550723
1995-10-01,72.5866,17.44,162.7,NA,98,5.5,267585,1995,10,0,-0.0957163626374064
1995-11-01,72.7779,17.99,163,NA,96,5.6,267829,1995,11,-0.0638928329605041,-0.0700284153282454
1995-12-01,73.0305,19.04,163.1,NA,96,5.6,268047,1995,12,0,0.0858166231515996
1996-01-01,72.6125,18.88,163.7,NA,98.2,5.6,268258,1996,1,0,0.126621586719461
1996-02-01,73.6752,19.07,164,NA,97.8,5.5,268480,1996,2,0,-0.204980821327967
1996-03-01,73.585,21.36,164.4,NA,101.1,5.5,268724,1996,3,0,0.954545648817196
1996-04-01,74.3172,23.57,164.6,NA,108.2,5.6,268980,1996,4,0,0.291701855376859
1996-05-01,74.8726,21.25,165,NA,113.3,5.6,269247,1996,5,0,-1.10297402187489
1996-06-01,75.4433,20.45,165.4,NA,111,5.3,269527,1996,6,1.01659799663388,0.287691895064039
1996-07-01,75.4549,21.32,165.7,NA,108.8,5.5,269822,1996,7,0,0.27876184926824
1996-08-01,75.8411,21.96,166,NA,106.1,5.1,270130,1996,8,0,-0.0398254897360047
1996-09-01,76.3158,23.99,166.5,NA,105.7,5.2,270433,1996,9,0,0.416425994758855
1996-10-01,76.3384,24.9,166.8,NA,105.2,5.2,270730,1996,10,0,0.196805239424683
1996-11-01,77.0397,23.71,167.2,NA,107.1,5.4,271002,1996,11,4.05417963739978,-0.457575229043538
1996-12-01,77.5333,25.39,167.4,NA,107.9,5.4,271243,1996,12,0,0.414508918344399
1997-01-01,77.6562,25.17,167.8,NA,107.9,5.3,271472,1997,1,0,-0.0491177280555085
1997-02-01,78.5833,22.21,168.1,NA,107.4,5.2,271703,1997,2,0,-1.0881974140976
1997-03-01,79.082,20.99,168.4,NA,105.8,5.2,271952,1997,3,0,-0.225000620937019
1997-04-01,79.1747,19.72,168.9,NA,105.4,5.1,272213,1997,4,0,-0.44024441205236
1997-05-01,79.6133,20.83,169.2,NA,105.2,4.9,272482,1997,5,0,-0.0712315918232408
1997-06-01,79.9792,19.17,169.4,NA,105.4,5,272767,1997,6,-2.1011504764159,-1.10111931819419
1997-07-01,80.6624,19.63,169.7,NA,103.5,4.9,273074,1997,7,0,-0.2129310650225
1997-08-01,81.4694,19.93,169.8,NA,107.4,4.8,273395,1997,8,0,-0.138902796427049
1997-09-01,82.2156,19.79,170.2,NA,109.2,4.9,273703,1997,9,0,-0.244685342705983
1997-10-01,82.9446,21.26,170.6,NA,106.5,4.7,273989,1997,10,0,0.0925300814368517
1997-11-01,83.5978,20.17,170.8,NA,104.1,4.6,274249,1997,11,0,-0.0958386507581987
1997-12-01,83.9538,18.32,171.2,NA,101.3,4.7,274499,1997,12,-0.693440035976881,-0.401469517477847
1998-01-01,84.3218,16.71,171.6,NA,97.2,4.6,274732,1998,1,0,-0.146575545759992
1998-02-01,84.4583,16.06,171.9,NA,93.5,4.6,274943,1998,2,0,-0.144270071276991
1998-03-01,84.488,15.02,172.2,NA,90.3,4.7,275175,1998,3,-2.36941492287418,-0.608556742595776
1998-04-01,84.7779,15.44,172.5,NA,91.1,4.3,275434,1998,4,0,0.166696191068277
1998-05-01,85.3367,14.86,172.9,NA,94.2,4.4,275700,1998,5,0,-0.248995721428813
1998-06-01,84.8248,13.66,173.2,NA,94.3,4.5,275976,1998,6,-0.287836129102155,-0.162733488705998
1998-07-01,84.4986,14.08,173.5,NA,93.2,4.5,276266,1998,7,0,0.229647113593258
1998-08-01,86.248,13.36,174,NA,91.1,4.5,276566,1998,8,0,-1.04403401276086
1998-09-01,86.2021,14.95,174.2,NA,89.5,4.6,276859,1998,9,0,0.613504745916667
1998-10-01,86.7914,14.39,174.4,NA,90.3,4.5,277140,1998,10,0,-0.42139422358089
1998-11-01,86.7256,12.85,174.8,NA,89.2,4.4,277402,1998,11,-2.66353607899616,-0.603992332862337
1998-12-01,87.1185,11.28,175.4,NA,85.7,4.4,277658,1998,12,0,-0.488335482554802
1999-01-01,87.4949,12.47,175.6,NA,84.5,4.3,277891,1999,1,0,0.698083941458215
1999-02-01,88.027,12.01,175.6,NA,83.1,4.4,278095,1999,2,0,-0.510810582190071
1999-03-01,88.2267,14.66,175.7,NA,85.8,4.2,278324,1999,3,-1.68542641924844,0.694619919032489
1999-04-01,88.4295,17.34,176.3,NA,100.4,4.3,278584,1999,4,0,0.694014399145832
1999-05-01,88.9886,17.75,176.5,NA,100.8,4.2,278859,1999,5,0,-0.483447432807483
1999-06-01,88.9188,17.89,176.6,NA,98.6,4.3,279148,1999,6,0,-0.247066150452139
1999-07-01,89.4333,20.07,177.1,NA,101.9,4.3,279448,1999,7,0,0.834304721122632
1999-08-01,89.7924,21.26,177.3,NA,107.2,4.2,279752,1999,8,0,0.00681942665498462
1999-09-01,89.4299,23.88,177.8,NA,109.7,4.2,280053,1999,9,-1.17281994881886,0.995840220200559
1999-10-01,90.523,22.64,178.1,NA,109.4,4.1,280337,1999,10,0,-1.13649550133153
1999-11-01,90.9618,24.97,178.4,NA,108.7,4.1,280594,1999,11,0,0.635185957826657
1999-12-01,91.6634,26.08,178.7,NA,111.5,4,280846,1999,12,0,-0.290982503261196
2000-01-01,91.538,27.18,179.3,227235,111.9,4,281083,2000,1,0,0.605898970393402
2000-02-01,91.8239,29.35,179.4,228727,117.3,4.1,281299,2000,2,0,0.308134083763089
2000-03-01,92.1504,29.89,180,230237,130.9,4,281531,2000,3,0.771398665977754,0.292900308979952
2000-04-01,92.6989,25.74,180.3,229068,127.9,3.8,281763,2000,4,0,-1.4185529300724
2000-05-01,92.9499,28.78,180.7,229651,127.6,4,281996,2000,5,0,0.720019411117328
2000-06-01,92.9862,31.83,181.1,230024,138.3,4,282247,2000,6,-0.661872990076707,0.541987560447206
2000-07-01,92.8048,29.77,181.5,228840,135.4,4,282504,2000,7,0,-0.427767994743074
2000-08-01,92.5521,31.22,181.9,229339,127.7,4.1,282769,2000,8,0,0.324928108025546
2000-09-01,92.9792,33.88,182.3,231166,134.3,3.9,283033,2000,9,3.97022163248208,0.819432651102317
2000-10-01,92.6179,33.08,182.6,230372,132.3,3.9,283285,2000,10,0,-0.360290201926944
2000-11-01,92.6438,34.4,183.1,229865,132.2,3.9,283523,2000,11,0.693714892315871,0.125274204398142
2000-12-01,92.3415,28.46,183.3,224132,127,3.9,283748,2000,12,0,-1.12945357976857
2001-01-01,91.902,29.58,183.9,231442,125.8,4.2,283960,2001,1,-1.23453485717812,0.972781816237856
2001-02-01,91.3034,29.61,184.4,230672,126.8,4.2,284166,2001,2,0,-0.322569586394834
2001-03-01,91.1162,27.24,184.7,231165,123.3,4.3,284380,2001,3,-0.406105508497417,-0.0490321576526301
2001-04-01,90.7891,27.41,185.1,232994,132.8,4.4,284602,2001,4,0,-0.0511350715880343
2001-05-01,90.3555,28.64,185.3,232201,146,4.3,284834,2001,5,0,0.298094765694116
2001-06-01,89.8784,27.6,186,231645,141.3,4.5,285076,2001,6,1.02221399338335,-0.101764162172342
2001-07-01,89.3028,26.45,186.4,232941,124.9,4.6,285324,2001,7,2.12206022286033,-0.125365594985909
2001-08-01,89.2003,27.47,186.7,233413,121.2,4.9,285584,2001,8,0,-0.131085003233959
2001-09-01,88.7485,25.88,187.1,232276,130.7,5,285842,2001,9,1.81144993854757,0.0869100575072151
2001-10-01,88.5052,22.21,187.4,233772,115.6,5.3,286086,2001,10,0,-0.637008872954866
2001-11-01,87.97,19.67,188.1,236644,103.8,5.5,286315,2001,11,-7.12304554372645,-0.584509600649041
2001-12-01,87.9324,19.33,188.4,236694,95.4,5.7,286533,2001,12,-1.8333994736656,0.204237900971778
2002-01-01,88.5176,19.67,188.7,236712,97.2,5.7,286739,2002,1,0,-0.568238534226033
2002-02-01,88.5278,20.74,189.1,238125,97.6,5.7,286935,2002,2,0,0.684693617989376
2002-03-01,89.1686,24.42,189.2,235504,107.1,5.7,287131,2002,3,0.0919348966810783,0.267307705902388
2002-04-01,89.604,26.27,189.7,236391,120.8,5.9,287343,2002,4,0,0.138984812351086
2002-05-01,89.964,27.02,190,237506,120.8,5.8,287571,2002,5,0,-0.0760506807538527
2002-06-01,90.7061,25.52,190.2,238073,119.5,5.8,287808,2002,6,1.1766626118806,-0.515835843493571
2002-07-01,90.6769,26.94,190.5,237780,120.3,5.8,288051,2002,7,0,0.391738945315218
2002-08-01,90.5762,28.38,191.1,239615,120.9,5.7,288303,2002,8,0,0.377689348041586
2002-09-01,90.6531,29.67,191.3,239653,121.1,5.7,288554,2002,9,0.846653271390056,0.0955741167099335
2002-10-01,90.4643,28.85,191.5,237938,123.9,5.7,288794,2002,10,0,0.0428871169648106
2002-11-01,90.9711,26.27,191.9,238385,123.8,5.9,289012,2002,11,0,-0.457683520350548
2002-12-01,90.4652,29.42,192.1,239969,119.1,6,289214,2002,12,1.72446220780103,1.09050069677479
2003-01-01,91.2361,32.94,192.4,239077,125.7,5.8,289412,2003,1,2.04548532971658,0.523245342769142
2003-02-01,91.3445,35.87,192.5,233578,139.7,5.9,289606,2003,2,0,0.665012601384434
2003-03-01,91.1044,33.55,192.5,236830,147.4,5.9,289809,2003,3,0.034792063430293,-0.263867729922431
2003-04-01,90.5617,28.25,192.5,238036,139.9,6,290024,2003,4,0.8207243086225,-1.16256367557122
2003-05-01,90.537,28.14,192.9,239910,130.6,6.1,290250,2003,5,0,0.107642891872917
2003-06-01,90.6527,30.72,193,241491,129.5,6.3,290484,2003,6,0.949575233160555,0.272015802980557
2003-07-01,91.1185,30.76,193.4,243389,130,6.2,290726,2003,7,0.0547923026234607,-0.169733493734268
2003-08-01,90.9197,31.59,193.6,242803,138.4,6.1,290974,2003,8,0,0.56596259139311
2003-09-01,91.5059,28.29,193.7,243182,146.5,6.1,291222,2003,9,2.49901526322638,-0.794592077280287
2003-10-01,91.6186,30.33,194,245423,136,6,291463,2003,10,0,0.344331839960462
2003-11-01,92.2329,31.09,194,243497,130.6,5.8,291677,2003,11,0,-0.191751397248821
2003-12-01,92.2602,32.15,194.2,243315,127.2,5.7,291868,2003,12,0.924449302794024,-0.105360355830601
2004-01-01,92.4006,34.27,194.6,243817,136.1,5.7,292046,2004,1,0,0.427353815006582
2004-02-01,92.958,34.74,194.9,244576,142.5,5.6,292230,2004,2,2.70204683230175,-0.0534981548515646
2004-03-01,92.5861,36.76,195.5,248689,149.8,5.8,292434,2004,3,-0.656735814941129,0.353047500786697
2004-04-01,92.93,36.69,195.9,248376,155.3,5.6,292651,2004,4,0,-0.539698619636685
2004-05-01,93.6013,40.28,196.2,246159,169.8,5.6,292872,2004,5,0,0.542531565781862
2004-06-01,92.871,38.02,196.6,245171,172.7,5.6,293103,2004,6,-0.858282337474487,0.0263079079693214
2004-07-01,93.5649,40.69,196.8,247686,164.5,5.5,293350,2004,7,0,-0.140288405326641
2004-08-01,93.6277,44.94,196.9,247344,161.2,5.4,293603,2004,8,0,0.418716218101055
2004-09-01,93.7467,45.95,197.5,247916,160.5,5.4,293857,2004,9,-1.59517846571544,0.0380111665142489
2004-10-01,94.5465,53.13,197.9,247883,172.2,5.5,294104,2004,10,0,0.829851804270328
2004-11-01,94.7813,48.46,198.3,247656,171,5.4,294337,2004,11,0,-0.235075860711266
2004-12-01,95.5365,43.33,198.6,248685,160.4,5.4,294561,2004,12,-3.14620949855949,-0.8784950182831
2005-01-01,95.8801,46.84,199,247614,155.6,5.3,294768,2005,1,2.16849715280939,0.24778640581029
2005-02-01,96.5761,47.97,199.4,250015,163.4,5.4,294955,2005,2,0,0.269761150741366
2005-03-01,96.4456,54.31,200.1,249174,175,5.2,295149,2005,3,3.04995720702412,0.622966364925295
2005-04-01,96.6532,53.04,200.2,249024,192.9,5.2,295359,2005,4,0,-0.553086967239024
2005-05-01,96.7402,49.83,200.5,250452,187.3,5.1,295582,2005,5,0,-0.12528408325024
2005-06-01,97.1753,56.26,200.6,251531,184.6,5,295824,2005,6,0.347634904359125,0.452586963205462
2005-07-01,96.8676,58.7,200.9,250663,196.5,5,296077,2005,7,0,0.581239779459298
2005-08-01,97.1833,64.97,201.1,249458,211.7,4.9,296338,2005,8,0,0.703971287030429
2005-09-01,95.3005,65.57,201.3,245820,248.5,5,296606,2005,9,-1.65226434281045,1.17149187786435
2005-10-01,96.4572,62.37,202,245957,235.9,5,296857,2005,10,0,-1.10659608306416
2005-11-01,97.5414,58.3,202.5,250704,198.6,5,297089,2005,11,0,-1.21139084517784
2005-12-01,98.0452,59.43,202.8,250380,186.2,4.9,297311,2005,12,2.96040960839893,-0.07877028915308
2006-01-01,98.1999,65.51,203.2,255482,198.2,4.7,297526,2006,1,-0.141140162778068,0.248918214214208
2006-02-01,98.2413,61.63,203.6,250785,197,4.8,297734,2006,2,0,-0.594042953258982
2006-03-01,98.4628,62.9,204.3,250866,204.7,4.7,297950,2006,3,-1.81529921680499,-0.0596086045048302
2006-04-01,98.7618,69.69,204.8,250631,234.4,4.7,298170,2006,4,0,0.602908437015035
2006-05-01,98.7869,70.94,205.4,250030,249.8,4.6,298401,2006,5,0,-0.372314511115373
2006-06-01,99.0997,70.96,205.9,250453,247.3,4.6,298653,2006,6,-1.17175574057811,-0.37778324727229
2006-07-01,99.0489,74.41,206.3,249092,254.6,4.7,298910,2006,7,0,0.255478739299749
2006-08-01,99.4836,73.05,206.8,249501,253.2,4.7,299178,2006,8,0,-0.182952596404847
2006-09-01,99.3183,63.87,207.2,250388,219,4.5,299452,2006,9,-1.11509299867577,-1.00032902924818
2006-10-01,99.2044,58.88,207.6,251413,192.7,4.4,299710,2006,10,-1.00339072505929,-0.704814255056092
2006-11-01,99.1627,59.37,207.8,252836,190.3,4.5,299950,2006,11,0,-0.599849524941711
2006-12-01,100.1735,62.03,208.1,253944,198.1,4.4,300178,2006,12,1.76833435389496,0.0518109297399488
2007-01-01,99.8346,54.57,208.6,254533,192.806,4.6,300398,2007,1,0,-0.853953431276429
2007-02-01,100.7753,59.26,209.135,249391,194.282,4.5,300608,2007,2,0,0.412016824705244
2007-03-01,100.9547,60.56,209.418,254292,219.473,4.4,300823,2007,3,-0.678078871084546,-0.0291336130940426
2007-04-01,101.6334,63.97,209.747,251375,241.897,4.5,301045,2007,4,0,0.142784982729232
2007-05-01,101.7306,63.46,210.058,254131,264.83,4.4,301278,2007,5,0,-0.326019295221948
2007-06-01,101.7893,67.48,210.392,253200,259.686,4.6,301528,2007,6,0,0.165420545652297
2007-07-01,101.6672,74.18,210.773,252333,251.883,4.7,301790,2007,7,0,0.260625009002899
2007-08-01,101.863,72.39,211.119,254221,237.108,4.6,302064,2007,8,0,-0.540088494133229
2007-09-01,102.0894,79.93,211.554,253290,237.993,4.7,302334,2007,9,1.1953709559509,0.931960683198812
2007-10-01,101.8015,86.2,212.077,253767,237.819,4.7,302590,2007,10,0,0.10378920856006
2007-11-01,102.3446,94.62,212.66,252121,260.943,4.7,302834,2007,11,0,0.634223606005634
2007-12-01,102.3803,91.73,213.168,247460,256.79,5,303062,2007,12,-0.820692000174413,-0.299526875565489
2008-01-01,102.2448,92.95,213.771,253376,259.338,5,303280,2008,1,0,-0.0766456647770262
2008-02-01,101.8438,95.35,213.939,250551,257.845,4.9,303494,2008,2,-2.48934628804656,0.242923246539013
2008-03-01,101.5336,105.56,214.42,248981,276.497,5.1,303707,2008,3,4.25525041706659,0.97225862850649
2008-04-01,100.8785,112.57,214.56,249101,291.91,5,303926,2008,4,0,0.112507803468048
2008-05-01,100.2674,125.39,214.936,248415,319.787,5.4,304157,2008,5,0,1.32344400423839
2008-06-01,100.0335,133.93,215.424,246701,344.981,5.6,304396,2008,6,0,1.00050896600554
2008-07-01,99.676,133.44,215.965,245645,347.357,5.8,304646,2008,7,0,0.558466371018117
2008-08-01,98.1111,116.61,216.393,244681,321.511,6.1,304903,2008,8,0,-0.388988313294584
2008-09-01,93.7895,103.9,216.713,245948,313.535,6.1,305158,2008,9,-0.74386630122597,0.481744171063073
2008-10-01,94.7219,76.65,216.788,246795,266.382,6.5,305403,2008,10,-5.26071502690018,-3.02709192222482
2008-11-01,93.4715,57.44,216.947,246244,184.235,6.8,305620,2008,11,0,-1.09336196438538
2008-12-01,90.8357,41.02,216.925,246829,146.102,7.3,305827,2008,12,-2.14560964965701,-0.307030121676757
2009-01-01,88.57,41.74,217.346,245974,154.488,7.8,306035,2009,1,0,1.89330794561803
2009-02-01,88.031,39.16,217.792,248466,166.118,8.3,306237,2009,2,0,0.124937401350605
2009-03-01,86.6528,47.98,218.253,244904,167.826,8.7,306438,2009,3,1.9286855978141,1.21179199184773
2009-04-01,85.9344,49.79,218.706,247873,176.704,9,306645,2009,4,0,-0.521596148187412
2009-05-01,85.0665,59.16,218.904,246794,193.727,9.4,306863,2009,5,2.95152448829139,0.973492680810763
2009-06-01,84.7459,69.68,219.112,246498,225.526,9.5,307090,2009,6,0,1.0927012415073
2009-07-01,85.7027,64.09,219.263,247534,217.945,9.5,307322,2009,7,0,-0.790160707447621
2009-08-01,86.6426,71.06,219.496,246986,225.179,9.6,307570,2009,8,0,1.10711307703023
2009-09-01,87.4063,69.46,219.92,246455,220.542,9.8,307826,2009,9,0.765380614457964,0.115345057375833
2009-10-01,87.6419,75.82,220.501,244074,218.683,10,308071,2009,10,0,0.823511221655954
2009-11-01,88.0221,78.08,220.666,246232,227.665,9.9,308289,2009,11,0,-0.133341874485813
2009-12-01,88.3793,74.3,220.881,244784,224.26,9.9,308495,2009,12,1.29101452068174,-0.763706655673988
2010-01-01,89.3426,78.22,220.633,242519,233.727,9.8,308706,2010,1,0,-0.438065805004605
2010-02-01,89.6779,76.42,220.731,241803,227.198,9.8,308904,2010,2,0,-0.265996858297047
2010-03-01,90.2928,81.24,220.783,248076,237.356,9.9,309095,2010,3,1.56345583565624,-0.420123235122895
2010-04-01,90.5991,84.48,220.822,249112,244.347,9.9,309289,2010,4,0,-0.187335686877768
2010-05-01,91.823,73.84,220.962,247042,246.08,9.6,309485,2010,5,0,-1.32761107596722
2010-06-01,91.9928,75.35,221.194,247723,234.214,9.4,309691,2010,6,0,0.473195857138748
2010-07-01,92.3421,76.37,221.363,249293,234.091,9.4,309913,2010,7,0,0.0506676494165411
2010-08-01,92.6805,76.82,221.509,249208,235.11,9.5,310146,2010,8,0,-0.0885361533937375
2010-09-01,92.9537,75.31,221.711,249084,231.819,9.5,310385,2010,9,0,-0.146320632898195
2010-10-01,92.6903,81.9,221.83,249386,239.527,9.4,310612,2010,10,-0.447478769839626,0.70780596051931
2010-11-01,92.7709,84.14,222.149,247614,244.345,9.8,310820,2010,11,0,0.160002251433586
2010-12-01,93.6787,89.04,222.343,245054,255.319,9.3,311020,2010,12,1.09897444619007,-0.154471845452681
2011-01-01,93.4814,89.42,222.803,246965,264.979,9.1,311204,2011,1,0,-0.0421401945521843
2011-02-01,93.1102,89.58,223.213,245208,270.822,9,311373,2011,2,0,0.120420124558626
2011-03-01,94.0788,102.94,223.454,246519,302.574,9,311551,2011,3,0,0.961646778139651
2011-04-01,93.7749,110.04,223.727,245553,325.282,9.1,311740,2011,4,0,0.905885463736059
2011-05-01,93.888,101.33,224.175,243131,336.999,9,311935,2011,5,0,-0.739350256464328
2011-06-01,94.172,96.29,224.697,245757,317.543,9.1,312147,2011,6,1.54580496000384,-0.528338719612363
2011-07-01,94.636,97.19,225.218,245196,312.76,9,312372,2011,7,0,-0.255818049520978
2011-08-01,95.2749,86.33,225.862,244641,311.269,9,312605,2011,8,0,-0.964270798875908
2011-09-01,95.1961,85.61,226.118,245393,309.018,9,312842,2011,9,0,0.400461628505469
2011-10-01,95.8568,86.41,226.506,245952,295.877,8.8,313060,2011,10,0,-0.207574161247895
2011-11-01,95.8485,97.21,226.899,246579,292.486,8.6,313260,2011,11,0,0.902845863532421
2011-12-01,96.3571,98.57,227.405,249896,280.713,8.5,313454,2011,12,-4.90154173410416,-0.387697058164218
2012-01-01,96.9318,100.24,227.877,249790,290.762,8.3,313636,2012,1,0,0.138797159567103
2012-02-01,97.2435,102.25,228.034,250746,305.076,8.3,313811,2012,2,0,-0.044802764759184
2012-03-01,96.74,106.19,228.478,249737,329.78,8.2,313993,2012,3,0,0.794318706354587
2012-04-01,97.4359,103.33,228.905,246547,335.742,8.2,314176,2012,4,0,0.169767071023134
2012-05-01,97.6609,94.7,229.224,248096,323.604,8.2,314368,2012,5,0,-0.409833066259871
2012-06-01,97.6663,82.41,229.623,247577,303.747,8.2,314576,2012,6,1.49989991110698,-0.483467990062375
2012-07-01,97.8713,87.93,229.97,245308,295.498,8.2,314796,2012,7,0,0.618156639100336
2012-08-01,97.4525,94.16,230.233,246538,316.859,8.1,315031,2012,8,0,0.917322263702761
2012-09-01,97.381,94.72,230.659,245805,329.898,7.8,315264,2012,9,0,0.347756986221502
2012-10-01,97.7193,89.57,231.024,245176,322.934,7.8,315485,2012,10,0,-0.294033677468771
2012-11-01,98.0777,86.66,231.33,247779,298.131,7.7,315692,2012,11,0,-0.154291096429817
2012-12-01,98.3101,88.25,231.725,245651,285.606,7.9,315877,2012,12,1.00394606309383,-0.26338662238127
2013-01-01,98.3342,94.69,232.229,250411,286.417,8,316038,2013,1,0,0.339705953116557
2013-02-01,98.7941,95.32,232.569,249845,315.243,7.7,316191,2013,2,0,0.11642103278134
2013-03-01,99.1921,93.05,232.794,248349,319.523,7.5,316357,2013,3,0,-0.317489104173636
2013-04-01,99.1065,92.07,232.832,247844,307.814,7.6,316535,2013,4,0,-0.252658225818478
2013-05-01,99.1839,94.8,232.996,249071,310.352,7.5,316729,2013,5,-1.34895018537364,0.122399016959479
2013-06-01,99.3897,95.8,233.35,249233,312.212,7.5,316934,2013,6,0,0.0784186467959458
2013-07-01,99.0814,104.61,233.88,247384,310.886,7.3,317156,2013,7,0,0.681283628934762
2013-08-01,99.6543,106.57,234.336,250869,309.355,7.2,317397,2013,8,0,-0.0391372002953209
2013-09-01,100.161,106.29,234.7,249145,305.299,7.2,317635,2013,9,0,-0.00702156777709901
2013-10-01,100.082,100.54,234.921,249407,290.306,7.2,317864,2013,10,0,0.0838086247148675
2013-11-01,100.3158,93.86,235.359,249394,280.742,6.9,318076,2013,11,0,-0.0958439950818849
2013-12-01,100.5175,97.63,235.759,245957,282.773,6.7,318276,2013,12,1.01599445136208,0.553141581028853
2014-01-01,100.1599,94.62,235.961,246531,286.607,6.6,318464,2014,1,0,-0.133038384860971
2014-02-01,100.9168,100.82,236.185,249499,289.814,6.7,318642,2014,2,0,-0.0306734420033141
2014-03-01,101.8942,100.8,236.625,251120,304.464,6.7,318827,2014,3,0,-0.0567842478304709
2014-04-01,101.9928,102.07,237.072,251959,315.335,6.2,319020,2014,4,0,-0.00353915216523534
2014-05-01,102.3836,102.18,237.529,252289,317.434,6.3,319225,2014,5,0,0.0935472750392624
2014-06-01,102.735,105.79,237.837,252054,318.334,6.1,319438,2014,6,0.438619932246343,0.311504365848841
2014-07-01,102.9632,103.59,238.195,252111,313.514,6.2,319670,2014,7,0,-0.381919805745814
2014-08-01,102.7688,96.54,238.405,252472,300.64,6.1,319919,2014,8,0,-0.0103454838804389
2014-09-01,103.0641,93.21,238.786,253485,294.222,5.9,320166,2014,9,0,-0.135282702512122
2014-10-01,103.0764,84.4,239.191,254117,275.729,5.7,320403,2014,10,0,-0.343959854832196
2014-11-01,103.7126,75.79,239.458,253099,251.172,5.8,320616,2014,11,-9.77650982188897,-0.941826911041565
2014-12-01,103.7044,59.29,239.584,255291,223.404,5.6,320815,2014,12,0,-1.25175754448698
2015-01-01,102.8905,47.22,239.811,254967,185.142,5.7,320997,2015,1,0,-1.6262575296672
2015-02-01,102.2335,50.58,240.172,254414,194.883,5.5,321164,2015,2,0,1.01355179938374
2015-03-01,101.8914,47.82,240.755,255735,215.442,5.4,321344,2015,3,0,-0.231990808918071
2015-04-01,101.3355,54.45,241.346,257796,215.461,5.4,321538,2015,4,0,0.813820797520665
2015-05-01,100.8883,59.27,241.688,257531,238.17,5.6,321740,2015,5,0,0.838461662757603
2015-06-01,100.571,59.82,242.064,258177,244.226,5.3,321954,2015,6,2.41393397842466,-0.365135025245391
2015-07-01,101.2228,50.9,242.565,258012,243.736,5.2,322186,2015,7,0,-0.929300250807862
2015-08-01,101.0367,42.87,242.817,259020,230.513,5.1,322427,2015,8,0,-0.65717104445191
2015-09-01,100.7547,45.48,243.316,258671,207.239,5,322670,2015,9,0,0.499384527599915
2015-10-01,100.2675,46.22,243.768,257672,199.077,5,322901,2015,10,0,-0.0362395194665156
2015-11-01,99.5298,42.44,244.241,260006,190.701,5.1,323113,2015,11,0,-0.266079542496978
2015-12-01,99.0417,37.19,244.547,261788,179.496,5,323318,2015,12,-1.95445804867026,-0.804625681908478
2016-01-01,99.5607,31.68,244.955,262611,171.574,4.8,323509,2016,1,0,-1.2997122147942
2016-02-01,99.0445,30.32,245.51,261752,154.564,4.9,323687,2016,2,0,-0.19687087545245
2016-03-01,98.3096,37.55,245.913,262392,170.356,5,323871,2016,3,0,1.05065966833859
2016-04-01,98.6421,40.75,246.551,264735,185.808,5.1,324061,2016,4,0,-0.0935494678711028
2016-05-01,98.4184,46.71,247.137,264565,198.011,4.8,324260,2016,5,0,0.653291287424536
2016-06-01,98.8833,48.76,247.54,264364,206.681,4.9,324476,2016,6,0.592537146044508,-0.137683933894774
2016-07-01,98.9992,44.65,247.829,265645,195.243,4.8,324697,2016,7,0,-0.436959459669307
2016-08-01,98.85,44.72,248.423,264145,189.375,4.9,324924,2016,8,0,0.14888625539216
2016-09-01,98.7457,45.18,248.842,263573,193.817,5,325155,2016,9,1.48179024150263,0.207974490113496
2016-10-01,98.7611,49.78,249.142,266664,197.357,4.9,325368,2016,10,0,0.534789316521737
2016-11-01,98.3491,45.66,249.481,265314,192.522,4.7,325562,2016,11,7.91710537697741,-0.500926234366168
2016-12-01,99.0214,51.97,249.92,267135,195.915,4.7,325742,2016,12,2.04892039867189,0.638824992213012
2017-01-01,98.7611,52.5,250.467,266509,206.36,4.7,325901,2017,1,0,0.139121530218097
2017-02-01,98.3646,53.47,250.998,265234,201.957,4.6,326050,2017,2,0,0.0468295833811003
2017-03-01,99.0137,49.33,250.944,265123,204.217,4.4,326207,2017,3,0,-1.41592074706417
2017-04-01,100.0224,51.06,251.227,270670,212.424,4.4,326371,2017,4,0,0.126459761514575
2017-05-01,100.1408,48.48,251.43,266153,209.441,4.4,326548,2017,5,-4.40184515359981,-0.820775469504717
2017-06-01,100.3471,45.18,251.746,266376,205.881,4.3,326743,2017,6,0,-0.261654427056283
2017-07-01,100.1068,46.63,251.985,269548,201.173,4.3,326939,2017,7,0,-0.0971653593907988
2017-08-01,99.6925,48.04,252.535,267211,209,4.4,327140,2017,8,0,-0.0877351240291242
2017-09-01,99.7954,49.82,252.812,266506,231.182,4.3,327342,2017,9,0,0.318970194126609
2017-10-01,101.0247,51.58,253.526,268718,218.591,4.2,327528,2017,10,0,-0.40712834473811
2017-11-01,101.2664,56.64,253.816,268212,224.227,4.2,327699,2017,11,0.22657134680289,0.213911418986197
2017-12-01,101.4644,57.88,254.344,272319,216.781,4.1,327848,2017,12,0,-0.142566894934404
2018-01-01,101.4625,63.7,255.204,268361,223.806,4,327969,2018,1,0,0.740228051948681
2018-02-01,101.7085,62.23,255.711,267857,227.42,4.1,328085,2018,2,0,-0.476190692051889
2018-03-01,102.2067,62.73,256.271,268556,226.872,4,328219,2018,3,0,-0.0992751107076382
2018-04-01,103.3329,66.25,256.63,273320,240.962,4,328364,2018,4,0,0.370255115962432
2018-05-01,102.4024,69.98,257.145,267556,255.096,3.8,328521,2018,5,0,0.591620731727787
2018-06-01,103.198,67.87,257.399,269325,255.885,4,328692,2018,6,-0.402035215918145,-0.606465100441489
2018-07-01,103.3646,70.98,257.699,270452,252.232,3.8,328863,2018,7,0,0.481505303611524
2018-08-01,104.0327,68.06,257.891,267900,251.367,3.8,329040,2018,8,0,-0.270508577633301
2018-09-01,104.1004,70.23,258.368,269877,252.216,3.7,329216,2018,9,0,0.624996131959611
2018-10-01,103.9856,70.75,258.917,270155,253.793,3.8,329379,2018,10,0,0.147506121809793
2018-11-01,104.0681,56.96,259.439,269052,235.381,3.8,329527,2018,11,0,-1.35958466046652
2018-12-01,104.0936,49.52,260.063,277525,212.152,3.9,329659,2018,12,2.08204817491829,-0.295329237889732
2019-01-01,103.4021,51.38,260.766,273421,201.194,4,329766,2019,1,0,0.349674597483242
2019-02-01,102.8371,54.95,261.186,272141,206.749,3.8,329862,2019,2,0,0.252692818071396
2019-03-01,102.8757,58.15,261.567,270920,225.282,3.8,329977,2019,3,0,-0.142580371906355
2019-04-01,102.274,63.86,261.997,271928,248.499,3.7,330103,2019,4,0,0.385123532030594
2019-05-01,102.392,60.83,262.217,271676,254.551,3.6,330240,2019,5,0,-0.700976022008914
2019-06-01,102.4375,54.66,262.739,269353,242.043,3.6,330393,2019,6,0,-0.400655510234978
2019-07-01,101.9408,57.35,263.28,269606,244,3.7,330553,2019,7,-4.23661050357669,0.342769857302583
2019-08-01,102.639,54.81,263.877,276508,233.625,3.6,330729,2019,8,0,-0.368918631407075
2019-09-01,102.2917,56.95,264.388,274195,231.496,3.5,330904,2019,9,0,0.469790663956644
2019-10-01,101.4281,53.96,264.97,272669,235.168,3.6,331066,2019,10,0,-0.241759611183736
2019-11-01,101.9372,57.03,265.548,269800,232.575,3.6,331213,2019,11,0,0.43888728583313
2019-12-01,101.7003,59.88,266.02,269023,228.857,3.6,331345,2019,12,1.09991077781335,0.450670337105384
2020-01-01,101.0338,57.52,266.716,285452,227.01,3.6,331443,2020,1,0,1.29718486670158
2020-02-01,101.3735,50.54,267.37,284040,218.373,3.5,331525,2020,2,0,-0.860726782146238
2020-03-01,97.4078,29.21,267.054,224870,202.205,4.4,331667,2020,3,-7.98936907848087,-1.72984514596406
2020-04-01,84.5619,16.55,265.746,167174,168.891,14.8,331750,2020,4,3.11188520414548,1.63394479907031
2020-05-01,85.9604,28.56,265.412,204304,168.528,13.2,331751,2020,5,0,0.646561331254096
2020-06-01,91.5934,38.31,265.849,235771,185.422,11,331795,2020,6,-3.13641249434807,-0.806375851135529
2020-07-01,95.0256,40.71,267.389,242159,194.397,10.2,331861,2020,7,0,-0.197402097698818
2020-08-01,95.9549,42.34,268.422,251358,194.449,8.4,331936,2020,8,0,-0.661580903149451
2020-09-01,95.9669,39.63,268.933,254995,195.888,7.8,332017,2020,9,0,-0.511057325651664
2020-10-01,96.7394,39.4,269.306,255505,192.792,6.9,332092,2020,10,0,-0.293959840509321
2020-11-01,97.0816,40.94,269.981,248198,187.609,6.7,332129,2020,11,0,-0.118116167159612
2020-12-01,98.363,47.02,270.341,249061,193.99,6.7,332113,2020,12,0.572983817628207,-0.0326527729475219
2021-01-01,98.8822,52,270.416,252702,207.406,6.4,332058,2021,1,3.90618520721155,-0.56463600517105
2021-02-01,95.6149,59.04,270.776,245840,221.689,6.2,332034,2021,2,0,0.370926855635361
2021-03-01,98.3856,62.33,271.453,258686,247.652,6.1,332074,2021,3,3.54903321454411,0.268768832111922
2021-04-01,98.5587,61.72,273.626,256647,252.603,6.1,332140,2021,4,6.0072403135445,0.560370097213589
2021-05-01,99.4333,65.17,275.457,261366,263.17,5.8,332212,2021,5,0,0.772460924106519
2021-06-01,99.7987,71.38,277.608,265907,268.979,5.9,332299,2021,6,2.30086999648628,0.39047106483778
2021-07-01,100.2519,72.49,278.639,268899,275.656,5.4,332455,2021,7,-9.82135900911576,0.0912480137163595
2021-08-01,100.0437,67.73,279.021,263810,277.448,5.1,332644,2021,8,0,-0.355182319092512
2021-09-01,98.8579,71.65,279.727,265052,278.338,4.7,332805,2021,9,0.449179207032634,1.14605781702074
2021-10-01,100.1861,81.48,281.649,265589,288.501,4.5,332961,2021,10,2.36953973608731,0.721001279543357
2021-11-01,100.8654,79.15,283.411,267303,296.571,4.1,333117,2021,11,-1.00150434670873,-0.471221033130843
2021-12-01,100.5726,71.71,285.221,266539,290.185,3.9,333260,2021,12,1.71593096002287,-0.450282951484268
2022-01-01,100.1856,83.22,286.799,262682,290.416,4,333360,2022,1,1.50767470795781,0.835651562865838
2022-02-01,100.8064,91.64,288.256,267848,305.959,3.9,333457,2022,2,0.659152420909777,0.156938327073935
2022-03-01,101.3907,108.5,289.044,268103,366.499,3.7,333610,2022,3,1.04083821455777,0.951307197854414
2022-04-01,101.44,101.78,290.474,266100,362.802,3.7,333792,2022,4,0,-0.453420008949756
2022-05-01,101.3335,109.55,292.039,265748,391.262,3.6,333976,2022,5,0.474565843792885,0.820566201973288
2022-06-01,101.018,114.84,294.009,263849,430.142,3.6,334168,2022,6,-2.09856716583522,0.357989231251071
2022-07-01,101.223,101.62,295.08,263304,396.952,3.5,334393,2022,7,0,-1.57494667926731
2022-08-01,101.0963,93.67,296.582,267354,348.593,3.6,334652,2022,8,-2.89175997388522,-0.684136545500207
2022-09-01,101.2918,84.26,298.281,269221,328.918,3.5,334912,2022,9,0.565440765203319,-0.604412259050768
2022-10-01,101.2529,87.55,299.381,270175,339.017,3.6,335155,2022,10,2.47245562750155,0.623507953053542
2022-11-01,100.9552,84.37,300.316,267155,326.649,3.6,335386,2022,11,0,-0.281108538288995
2022-12-01,99.7664,76.44,301.433,265697,285.757,3.5,335604,2022,12,-2.86583660090224,-0.609589585524277
2023-01-01,100.505,78.12,302.685,275775,294.759,3.5,335807,2023,1,0,0.165616319047173
2023-02-01,100.6416,76.83,304.097,270918,299.774,3.6,336015,2023,2,0,-0.302322301976782
2023-03-01,101.0205,73.28,305.123,268528,302.673,3.5,336232,2023,3,0,-0.728296721030299
2023-04-01,101.253,79.45,306.49,270814,318.482,3.4,336451,2023,4,0,0.75185382010903
2023-05-01,100.9286,71.58,307.623,270548,314.116,3.6,336679,2023,5,0,-0.931960470842649
2023-06-01,100.1196,70.25,308.291,270301,316.258,3.6,336925,2023,6,0.472701068461863,0.227280267934202
2023-07-01,100.9067,76.07,308.959,270863,318.071,3.5,337200,2023,7,0,0.228067607132071
2023-08-01,100.8393,81.39,309.646,271249,336.979,3.7,337501,2023,8,0,0.326701255509995
2023-09-01,101.0211,89.43,310.616,269771,338.893,3.7,337800,2023,9,0,0.591255269086672
2023-10-01,100.4689,85.64,311.433,268783,320.999,3.9,338088,2023,10,0,-0.0762808564680031
2023-11-01,100.8639,77.69,312.373,270657,297.598,3.7,338366,2023,11,-2.45238947367197,-0.564427583282147
2023-12-01,100.6031,71.9,313.23,270471,280.289,3.8,338626,2023,12,0,0.000155091345166038
2024-01-01,99.2223,74.15,314.389,271864,276.003,3.7,338867,2024,1,0,1.28143138122864
2024-02-01,100.285,77.25,315.555,274374,287.943,3.9,339114,2024,2,0,-0.0301830009627841
2024-03-01,100.4575,81.28,316.762,272046,306.513,3.9,339378,2024,3,-0.221108765299802,0.515567859613
2024-04-01,100.2434,85.35,317.596,273397,322.434,3.9,339648,2024,4,0,0.473363981673441
2024-05-01,100.863,80.02,318.053,273297,320.981,3.9,339927,2024,5,0,-0.761529471928977
2024-06-01,100.894,79.77,318.343,272998,308.475,4.1,340213,2024,6,-3.00629060857346,-0.0145809333347383
2024-07-01,99.9757,81.8,318.933,272208,310.915,4.2,340448,2024,7,0,0.00727919267532746
2024-08-01,100.4309,76.68,319.839,273149,302.419,4.2,340637,2024,8,0,-0.476436209002891
2024-09-01,99.8084,70.24,320.835,272077,287.102,4.1,340825,2024,9,0.560682417284548,0.0637319041684447
2024-10-01,99.4695,71.99,321.688,275031,281.741,4.1,341002,2024,10,0,0.104932414144591
2024-11-01,99.2925,69.95,322.619,272775,273.57,4.2,341169,2024,11,2.47233750923934,-0.0314446257082772
2024-12-01,100.3273,70.12,323.296,274450,270.667,4.1,341320,2024,12,0.193904868738238,0.059074537522296
2025-01-01,100.0647,75.74,324.739,275003,275.527,4,341454,2025,1,0,0.857191615729996
2025-02-01,101.0993,71.53,325.475,273103,279.059,4.2,341588,2025,2,0,-0.830608588188086
2025-03-01,101.0404,68.24,325.659,276117,276.558,4.2,341729,2025,3,-1.17363621634709,-0.125226267114131
2025-04-01,101.1279,63.54,326.43,276866,284.526,4.2,341874,2025,4,-6.21178970766872,-0.524798628266151
2025-05-01,100.9655,62.17,326.854,275339,282.614,4.3,342032,2025,5,2.54275191386302,-0.133999845010011
2025-06-01,101.4785,68.17,327.6,275130,282.914,4.1,342197,2025,6,0,0.5729763098168
2025-07-01,101.894,68.39,328.656,276586,281.49,4.3,342370,2025,7,NA,NA
2025-08-01,101.5867,64.86,329.793,276432,282.358,4.3,342555,2025,8,NA,NA
2025-09-01,101.7779,63.96,330.542,277078,285.595,4.4,342741,2025,9,NA,NA
2025-10-01,101.5163,60.89,NA,276444,277.021,NA,NA,2025,10,NA,NA
2025-11-01,101.9528,60.06,331.068,NA,276.152,4.5,NA,2025,11,NA,NA
2025-12-01,102.325,57.97,331.86,NA,261.466,4.4,NA,2025,12,NA,NA
