"Variable","Method","Horizon","IRF","Lower","Upper"
"Real oil price","Lag-Augmented LP (Smoothed)",0,3.31245144110478,2.807554140986,3.81734874122355
"Real oil price","Lag-Augmented LP (Smoothed)",1,7.7073466578592,6.33449753241557,9.08019578330283
"Real oil price","Lag-Augmented LP (Smoothed)",2,11.1249768904383,8.70491763196082,13.5450361489157
"Real oil price","Lag-Augmented LP (Smoothed)",3,11.1695351579448,8.11313356120286,14.2259367546868
"Real oil price","Lag-Augmented LP (Smoothed)",4,9.70812272382089,6.33034210616986,13.0859033414719
"Real oil price","Lag-Augmented LP (Smoothed)",5,8.44257228668412,4.70282928280563,12.1823152905626
"Real oil price","Lag-Augmented LP (Smoothed)",6,6.5754230891815,2.65405019485249,10.4967959835105
"Real oil price","Lag-Augmented LP (Smoothed)",7,5.32992155481455,1.49155277937953,9.16829033024956
"Real oil price","Lag-Augmented LP (Smoothed)",8,4.49962980735936,0.821930197002586,8.17732941771612
"Real oil price","Lag-Augmented LP (Smoothed)",9,4.43913151839929,0.721777212377202,8.15648582442137
"Real oil price","Lag-Augmented LP (Smoothed)",10,4.8204256427659,1.14657618856839,8.49427509696341
"Real oil price","Lag-Augmented LP (Smoothed)",11,4.74571441768051,1.32870460206693,8.16272423329409
"Real oil price","Lag-Augmented LP (Smoothed)",12,3.94185714039214,0.586742384754264,7.29697189603001
"Real oil price","Lag-Augmented LP (Smoothed)",13,2.45820323491689,-1.03416849754326,5.95057496737703
"Real oil price","Lag-Augmented LP (Smoothed)",14,1.22877924988768,-2.42791669544481,4.88547519522018
"Real oil price","Lag-Augmented LP (Smoothed)",15,0.217298869574757,-3.38539808439016,3.81999582353967
"Real oil price","Lag-Augmented LP (Smoothed)",16,-0.969245677718522,-4.56656998723746,2.62807863180042
"Real oil price","Lag-Augmented LP (Smoothed)",17,-1.65793499479676,-5.27953363592534,1.96366364633181
"Real oil price","Lag-Augmented LP (Smoothed)",18,-1.50197896721564,-5.27578444426373,2.27182650983245
"Real oil price","Lag-Augmented LP (Smoothed)",19,-0.872851704525231,-4.8767816197723,3.13107821072184
"Real oil price","Lag-Augmented LP (Smoothed)",20,-0.182231113403155,-4.46157855326635,4.09711632646004
"Real oil price","Lag-Augmented LP (Smoothed)",21,0.242621847403722,-4.24551470560994,4.73075840041738
"Real oil price","Lag-Augmented LP (Smoothed)",22,0.398847468254637,-4.23744152490652,5.03513646141579
"Real oil price","Lag-Augmented LP (Smoothed)",23,0.107256314916018,-4.60213262251884,4.81664525235088
"Real oil price","Lag-Augmented LP (Smoothed)",24,-0.535523651296863,-5.32802111381451,4.25697381122079
"Real oil price","Lag-Augmented LP (Smoothed)",25,-0.960721564339754,-5.90096777569663,3.97952464701713
"Real oil price","Lag-Augmented LP (Smoothed)",26,-1.77564302904322,-6.88648300893234,3.3351969508459
"Real oil price","Lag-Augmented LP (Smoothed)",27,-2.02930956693723,-7.39298537007427,3.33436623619981
"Real oil price","Lag-Augmented LP (Smoothed)",28,-2.00509862580985,-7.46740274483269,3.45720549321299
"Real oil price","Lag-Augmented LP (Smoothed)",29,-0.860197881293537,-6.38801491697562,4.66761915438854
"Real oil price","Lag-Augmented LP (Smoothed)",30,0.829157192728815,-4.69250385779971,6.35081824325734
"Real oil price","Lag-Augmented LP (Smoothed)",31,3.14019768093761,-2.28667548674015,8.56707084861536
"Real oil price","Lag-Augmented LP (Smoothed)",32,4.72748639637117,-0.525344993227463,9.98031778596981
"Real oil price","Lag-Augmented LP (Smoothed)",33,4.94848952054167,-0.222177976840099,10.1191570179234
"Real oil price","Lag-Augmented LP (Smoothed)",34,4.23969084490654,-0.747387029215592,9.22676871902867
"Real oil price","Lag-Augmented LP (Smoothed)",35,3.5453345579231,-1.25608135290027,8.34675046874647
"Real oil price","Lag-Augmented LP (Smoothed)",36,3.37964931162276,-1.19781150575369,7.95711012899921
"Real oil price","Lag-Augmented LP (Smoothed)",37,3.95474635332107,-0.409877565005496,8.31937027164764
"Real oil price","Lag-Augmented LP (Smoothed)",38,5.14690723074609,0.94845104762477,9.34536341386742
"Core CPI","Lag-Augmented LP (Smoothed)",0,0.0113058843862103,-0.00319633978771099,0.0258081085601317
"Core CPI","Lag-Augmented LP (Smoothed)",1,0.0258677130238333,-0.00534564520428866,0.0570810712519552
"Core CPI","Lag-Augmented LP (Smoothed)",2,0.0421059886115763,-0.00820297834693517,0.0924149555700879
"Core CPI","Lag-Augmented LP (Smoothed)",3,0.0467725074289673,-0.0188514324896488,0.112396447347584
"Core CPI","Lag-Augmented LP (Smoothed)",4,0.0516599537280257,-0.0270401093501068,0.130360016806158
"Core CPI","Lag-Augmented LP (Smoothed)",5,0.0605421442455141,-0.0302523474387805,0.151336635929809
"Core CPI","Lag-Augmented LP (Smoothed)",6,0.0781433077086887,-0.0229466246044539,0.179233240021831
"Core CPI","Lag-Augmented LP (Smoothed)",7,0.0940337266165947,-0.0170067904531763,0.205074243686366
"Core CPI","Lag-Augmented LP (Smoothed)",8,0.118390283400756,-0.000521565153173018,0.237302131954685
"Core CPI","Lag-Augmented LP (Smoothed)",9,0.143168964960482,0.0143196374178705,0.272018292503093
"Core CPI","Lag-Augmented LP (Smoothed)",10,0.161685867146766,0.0186876475693019,0.30468408672423
"Core CPI","Lag-Augmented LP (Smoothed)",11,0.168326225633436,0.00762412498290521,0.329028326283967
"Core CPI","Lag-Augmented LP (Smoothed)",12,0.16279349796914,-0.0165795925780249,0.342166588516305
"Core CPI","Lag-Augmented LP (Smoothed)",13,0.162092065330545,-0.0329117719603132,0.357095902621404
"Core CPI","Lag-Augmented LP (Smoothed)",14,0.171005760708731,-0.0354788555069298,0.377490376924393
"Core CPI","Lag-Augmented LP (Smoothed)",15,0.196818560529972,-0.0174649428193347,0.411102063879278
"Core CPI","Lag-Augmented LP (Smoothed)",16,0.229897523768057,0.00672525666629967,0.453069790869815
"Core CPI","Lag-Augmented LP (Smoothed)",17,0.262898871745702,0.0298882830187748,0.49590946047263
"Core CPI","Lag-Augmented LP (Smoothed)",18,0.288503271642027,0.0415817689137095,0.535424774370345
"Core CPI","Lag-Augmented LP (Smoothed)",19,0.309273446386101,0.0483348175092889,0.570212075262912
"Core CPI","Lag-Augmented LP (Smoothed)",20,0.322621370762402,0.0483477668841847,0.596894974640618
"Core CPI","Lag-Augmented LP (Smoothed)",21,0.335867726578138,0.0468327164403915,0.624902736715884
"Core CPI","Lag-Augmented LP (Smoothed)",22,0.34814451909328,0.0435511657058528,0.652737872480706
"Core CPI","Lag-Augmented LP (Smoothed)",23,0.35386339817227,0.0346538419546842,0.673072954389856
"Core CPI","Lag-Augmented LP (Smoothed)",24,0.356551036995939,0.0252376724516997,0.687864401540178
"Core CPI","Lag-Augmented LP (Smoothed)",25,0.363719393665423,0.0226847051717725,0.704754082159074
"Core CPI","Lag-Augmented LP (Smoothed)",26,0.384571472014922,0.0327555879824909,0.736387356047352
"Core CPI","Lag-Augmented LP (Smoothed)",27,0.412528403442925,0.0514917086198793,0.77356509826597
"Core CPI","Lag-Augmented LP (Smoothed)",28,0.441095471429052,0.0691583990443079,0.813032543813797
"Core CPI","Lag-Augmented LP (Smoothed)",29,0.473820892101451,0.0901352270343787,0.857506557168523
"Core CPI","Lag-Augmented LP (Smoothed)",30,0.495708087993751,0.0998901337801197,0.891526042207382
"Core CPI","Lag-Augmented LP (Smoothed)",31,0.50521712839716,0.0988057355820825,0.911628521212237
"Core CPI","Lag-Augmented LP (Smoothed)",32,0.497019611614797,0.0838388694370945,0.9102003537925
"Core CPI","Lag-Augmented LP (Smoothed)",33,0.489332400165585,0.0712062870874608,0.90745851324371
"Core CPI","Lag-Augmented LP (Smoothed)",34,0.495946806564449,0.0745278123790497,0.917365800749847
"Core CPI","Lag-Augmented LP (Smoothed)",35,0.504477625567384,0.0787286984169243,0.930226552717843
"Core CPI","Lag-Augmented LP (Smoothed)",36,0.518073160392216,0.0867061519701973,0.949440168814235
"Core CPI","Lag-Augmented LP (Smoothed)",37,0.523876916615413,0.0859130059367854,0.961840827294042
"Core CPI","Lag-Augmented LP (Smoothed)",38,0.535168216896282,0.0905164735683692,0.979819960224195
"Unemployment Rate","Lag-Augmented LP (Smoothed)",0,-0.000181040637323546,-0.0185404980326059,0.0181784167579588
"Unemployment Rate","Lag-Augmented LP (Smoothed)",1,0.0139244581962067,-0.0222212404784232,0.0500701568708366
"Unemployment Rate","Lag-Augmented LP (Smoothed)",2,0.0360398421524006,-0.0176432110307946,0.0897228953355959
"Unemployment Rate","Lag-Augmented LP (Smoothed)",3,0.0459780246058852,-0.0188582629830841,0.110814312194854
"Unemployment Rate","Lag-Augmented LP (Smoothed)",4,0.0472648758246571,-0.030074333726778,0.124604085376092
"Unemployment Rate","Lag-Augmented LP (Smoothed)",5,0.0474566532036268,-0.042604906680201,0.137518213087455
"Unemployment Rate","Lag-Augmented LP (Smoothed)",6,0.0578941607671472,-0.0421222534508795,0.157910574985174
"Unemployment Rate","Lag-Augmented LP (Smoothed)",7,0.0598571964336944,-0.0489963338087527,0.168710726676141
"Unemployment Rate","Lag-Augmented LP (Smoothed)",8,0.0487319894175862,-0.0686821038559087,0.166146082691081
"Unemployment Rate","Lag-Augmented LP (Smoothed)",9,0.0304121635873787,-0.0944132651542496,0.155237592329007
"Unemployment Rate","Lag-Augmented LP (Smoothed)",10,0.0232368605421845,-0.10784262701646,0.154316348100829
"Unemployment Rate","Lag-Augmented LP (Smoothed)",11,0.0253481300464486,-0.112071603267203,0.162767863360101
"Unemployment Rate","Lag-Augmented LP (Smoothed)",12,0.0379388507658829,-0.105413614634668,0.181291316166434
"Unemployment Rate","Lag-Augmented LP (Smoothed)",13,0.0200682879583354,-0.129048278488174,0.169184854404845
"Unemployment Rate","Lag-Augmented LP (Smoothed)",14,0.00920015369846932,-0.142138077696498,0.160538385093437
"Unemployment Rate","Lag-Augmented LP (Smoothed)",15,-0.0161600256781165,-0.167731312208424,0.135411260852191
"Unemployment Rate","Lag-Augmented LP (Smoothed)",16,-0.0284747626696235,-0.179675266752352,0.122725741413105
"Unemployment Rate","Lag-Augmented LP (Smoothed)",17,-0.0428208171034649,-0.193613513549618,0.107971879342688
"Unemployment Rate","Lag-Augmented LP (Smoothed)",18,-0.0628418897242332,-0.213647021991952,0.0879632425434859
"Unemployment Rate","Lag-Augmented LP (Smoothed)",19,-0.0674317929586267,-0.218254925300535,0.083391339383282
"Unemployment Rate","Lag-Augmented LP (Smoothed)",20,-0.0793764782464797,-0.229828585273567,0.0710756287806076
"Unemployment Rate","Lag-Augmented LP (Smoothed)",21,-0.0719904713865461,-0.218027304484611,0.0740463617115183
"Unemployment Rate","Lag-Augmented LP (Smoothed)",22,-0.0749655452082685,-0.219275940537548,0.0693448501210114
"Unemployment Rate","Lag-Augmented LP (Smoothed)",23,-0.0584068134545582,-0.202154004204481,0.0853403772953651
"Unemployment Rate","Lag-Augmented LP (Smoothed)",24,-0.0477490274729537,-0.192135680982811,0.0966376260369037
"Unemployment Rate","Lag-Augmented LP (Smoothed)",25,-0.0480121562874251,-0.192732310932571,0.0967079983577211
"Unemployment Rate","Lag-Augmented LP (Smoothed)",26,-0.061557787355792,-0.208699609851229,0.0855840351396455
"Unemployment Rate","Lag-Augmented LP (Smoothed)",27,-0.0691776196782744,-0.217346901873489,0.0789916625169404
"Unemployment Rate","Lag-Augmented LP (Smoothed)",28,-0.0540853017124795,-0.204238710093863,0.0960681066689036
"Unemployment Rate","Lag-Augmented LP (Smoothed)",29,-0.0285060697269459,-0.178755380999604,0.121743241545713
"Unemployment Rate","Lag-Augmented LP (Smoothed)",30,-0.0154436523799864,-0.166774689119259,0.135887384359286
"Unemployment Rate","Lag-Augmented LP (Smoothed)",31,0.000749692654038712,-0.151428220568933,0.15292760587701
"Unemployment Rate","Lag-Augmented LP (Smoothed)",32,0.022333587303543,-0.131954561625575,0.176621736232661
"Unemployment Rate","Lag-Augmented LP (Smoothed)",33,0.0415683858159735,-0.114930831614651,0.198067603246598
"Unemployment Rate","Lag-Augmented LP (Smoothed)",34,0.0672180954107526,-0.0914392882912719,0.225875479112777
"Unemployment Rate","Lag-Augmented LP (Smoothed)",35,0.083181891282056,-0.0760671525792962,0.242430935143408
"Unemployment Rate","Lag-Augmented LP (Smoothed)",36,0.107449253893366,-0.0521278608609061,0.267026368647638
"Unemployment Rate","Lag-Augmented LP (Smoothed)",37,0.119930552968029,-0.0410187013152915,0.28087980725135
"Unemployment Rate","Lag-Augmented LP (Smoothed)",38,0.129275565568505,-0.0322896414067032,0.290840772543712
"FFR","Lag-Augmented LP (Smoothed)",0,0.0349601829358819,-0.00657778073698018,0.0764981466087441
"FFR","Lag-Augmented LP (Smoothed)",1,0.0963212440228125,-0.00899156959887186,0.201634057644497
"FFR","Lag-Augmented LP (Smoothed)",2,0.106622572473793,-0.0629634943837295,0.276208639331315
"FFR","Lag-Augmented LP (Smoothed)",3,0.0469416311662052,-0.164549810337374,0.258433072669785
"FFR","Lag-Augmented LP (Smoothed)",4,-0.0340999530154589,-0.283762105166085,0.215562199135168
"FFR","Lag-Augmented LP (Smoothed)",5,-0.0811733787765986,-0.376291437345658,0.21394467979246
"FFR","Lag-Augmented LP (Smoothed)",6,-0.115622533087556,-0.441319779558801,0.210074713383689
"FFR","Lag-Augmented LP (Smoothed)",7,-0.146898553174266,-0.490387343287648,0.196590236939117
"FFR","Lag-Augmented LP (Smoothed)",8,-0.14052421341265,-0.50856711081218,0.22751868398688
"FFR","Lag-Augmented LP (Smoothed)",9,-0.0541708182618066,-0.443143757115803,0.33480212059219
"FFR","Lag-Augmented LP (Smoothed)",10,-0.00897236249482249,-0.421360914303951,0.403416189314306
"FFR","Lag-Augmented LP (Smoothed)",11,-0.0150058716181654,-0.445908191142585,0.415896447906254
"FFR","Lag-Augmented LP (Smoothed)",12,-0.0559973497867675,-0.505681584460182,0.393686884886647
"FFR","Lag-Augmented LP (Smoothed)",13,-0.0194299407792763,-0.484131306469822,0.44527142491127
"FFR","Lag-Augmented LP (Smoothed)",14,0.0898300535952402,-0.38102086041209,0.56068096760257
"FFR","Lag-Augmented LP (Smoothed)",15,0.179847495828954,-0.282698481075097,0.642393472733004
"FFR","Lag-Augmented LP (Smoothed)",16,0.236562483923133,-0.222995111909238,0.696120079755504
"FFR","Lag-Augmented LP (Smoothed)",17,0.286794053880895,-0.177645040357722,0.751233148119512
"FFR","Lag-Augmented LP (Smoothed)",18,0.371705027743393,-0.100593041920524,0.844003097407311
"FFR","Lag-Augmented LP (Smoothed)",19,0.406879157737301,-0.0713630026262159,0.885121318100819
"FFR","Lag-Augmented LP (Smoothed)",20,0.391524068860107,-0.0893008649685335,0.872349002688747
"FFR","Lag-Augmented LP (Smoothed)",21,0.394842480270542,-0.0766374139288994,0.866322374469984
"FFR","Lag-Augmented LP (Smoothed)",22,0.454649620239404,-0.0103450000567116,0.91964424053552
"FFR","Lag-Augmented LP (Smoothed)",23,0.525612044456008,0.0553157429111191,0.995908346000897
"FFR","Lag-Augmented LP (Smoothed)",24,0.516278412179868,0.0375021301373567,0.99505469422238
"FFR","Lag-Augmented LP (Smoothed)",25,0.485241050941378,0.00713435510163829,0.963347746781117
"FFR","Lag-Augmented LP (Smoothed)",26,0.470454833714689,0.00460193678157311,0.936307730647804
"FFR","Lag-Augmented LP (Smoothed)",27,0.531231591349133,0.0735416859165449,0.988921496781722
"FFR","Lag-Augmented LP (Smoothed)",28,0.583498516289793,0.118329601082704,1.04866743149688
"FFR","Lag-Augmented LP (Smoothed)",29,0.589119939347479,0.1060798960531,1.07215998264186
"FFR","Lag-Augmented LP (Smoothed)",30,0.501234883675802,0.0191726928845554,0.983297074467049
"FFR","Lag-Augmented LP (Smoothed)",31,0.422575775607765,-0.0408720040414482,0.886023555256979
"FFR","Lag-Augmented LP (Smoothed)",32,0.362340359769214,-0.0908680008880328,0.81554872042646
"FFR","Lag-Augmented LP (Smoothed)",33,0.313922835825056,-0.145606023336935,0.773451694987046
"FFR","Lag-Augmented LP (Smoothed)",34,0.259454894232908,-0.210529029744284,0.729438818210099
"FFR","Lag-Augmented LP (Smoothed)",35,0.197493696614028,-0.281580270841295,0.676567664069352
"FFR","Lag-Augmented LP (Smoothed)",36,0.151862535212592,-0.319062329909874,0.622787400335058
"FFR","Lag-Augmented LP (Smoothed)",37,0.106627202053159,-0.343383117715832,0.55663752182215
"FFR","Lag-Augmented LP (Smoothed)",38,0.0879548973458516,-0.341479249089778,0.517389043781481
"CPI","Lag-Augmented LP (Smoothed)",0,0.043082303095487,0.0294178782217573,0.0567467279692167
"CPI","Lag-Augmented LP (Smoothed)",1,0.116272640050471,0.0801606471114852,0.152384632989457
"CPI","Lag-Augmented LP (Smoothed)",2,0.215895694094977,0.143442765288832,0.288348622901122
"CPI","Lag-Augmented LP (Smoothed)",3,0.274239129584029,0.164578599059842,0.383899660108216
"CPI","Lag-Augmented LP (Smoothed)",4,0.297143733510161,0.158628639608869,0.435658827411453
"CPI","Lag-Augmented LP (Smoothed)",5,0.29723680612319,0.134536733806271,0.45993687844011
"CPI","Lag-Augmented LP (Smoothed)",6,0.304036559919373,0.114786546704247,0.493286573134498
"CPI","Lag-Augmented LP (Smoothed)",7,0.306759094106219,0.0937438571423057,0.519774331070133
"CPI","Lag-Augmented LP (Smoothed)",8,0.318191588379921,0.0860702346318243,0.550312942128018
"CPI","Lag-Augmented LP (Smoothed)",9,0.326583857354215,0.0767469830933445,0.576420731615085
"CPI","Lag-Augmented LP (Smoothed)",10,0.343691790850044,0.0742512995701245,0.613132282129964
"CPI","Lag-Augmented LP (Smoothed)",11,0.358220542679898,0.0692574426805178,0.647183642679278
"CPI","Lag-Augmented LP (Smoothed)",12,0.358000543947677,0.0498978258402804,0.666103262055074
"CPI","Lag-Augmented LP (Smoothed)",13,0.349052357088109,0.0231956910102465,0.674909023165972
"CPI","Lag-Augmented LP (Smoothed)",14,0.330659933742186,-0.00994885529783718,0.671268722782209
"CPI","Lag-Augmented LP (Smoothed)",15,0.339707775832564,-0.013151749248941,0.69256730091407
"CPI","Lag-Augmented LP (Smoothed)",16,0.349752081040694,-0.0131241277893268,0.712628289870716
"CPI","Lag-Augmented LP (Smoothed)",17,0.369171362089992,-0.00600035833113821,0.744343082511121
"CPI","Lag-Augmented LP (Smoothed)",18,0.379034413018151,-0.00790020738922598,0.765969033425528
"CPI","Lag-Augmented LP (Smoothed)",19,0.39981480792837,-0.00334493634922417,0.802974552205963
"CPI","Lag-Augmented LP (Smoothed)",20,0.43189580418325,0.0105894403403993,0.8532021680261
"CPI","Lag-Augmented LP (Smoothed)",21,0.46063361270019,0.0182971591998335,0.902970066200546
"CPI","Lag-Augmented LP (Smoothed)",22,0.484839998068253,0.0229741450560761,0.94670585108043
"CPI","Lag-Augmented LP (Smoothed)",23,0.496521730532503,0.0165102357489837,0.976533225316023
"CPI","Lag-Augmented LP (Smoothed)",24,0.501749796246464,0.00494505628478203,0.998554536208145
"CPI","Lag-Augmented LP (Smoothed)",25,0.500406653651274,-0.0123968356251961,1.01321014292774
"CPI","Lag-Augmented LP (Smoothed)",26,0.498356594647176,-0.0275293139943586,1.02424250328871
"CPI","Lag-Augmented LP (Smoothed)",27,0.506149039318578,-0.0303185798055511,1.04261665844271
"CPI","Lag-Augmented LP (Smoothed)",28,0.532023598645559,-0.0153578054783847,1.0794050027695
"CPI","Lag-Augmented LP (Smoothed)",29,0.563728187733902,0.00507614437120041,1.1223802310966
"CPI","Lag-Augmented LP (Smoothed)",30,0.590333174313529,0.0217296615646363,1.15893668706242
"CPI","Lag-Augmented LP (Smoothed)",31,0.610080142020177,0.0356944703863349,1.18446581365402
"CPI","Lag-Augmented LP (Smoothed)",32,0.631175680293836,0.0565103658605697,1.2058409947271
"CPI","Lag-Augmented LP (Smoothed)",33,0.646508641096489,0.0752448983021631,1.21777238389081
"CPI","Lag-Augmented LP (Smoothed)",34,0.655517964590478,0.0877654124225986,1.22327051675836
"CPI","Lag-Augmented LP (Smoothed)",35,0.654073206112257,0.089959370577626,1.21818704164689
"CPI","Lag-Augmented LP (Smoothed)",36,0.656911677515576,0.0951772320556016,1.21864612297555
"CPI","Lag-Augmented LP (Smoothed)",37,0.66501229702932,0.106788126231881,1.22323646782676
"CPI","Lag-Augmented LP (Smoothed)",38,0.684959018229215,0.131517730021834,1.2384003064366
