"date","pop_lvl","NETEXP","GDP","GDPC1","FEDFUNDS","imports","INDPRO","AHETPI","year","quarter","core_cpi","cpi_durables","cpi_nondurables","actual_tariff","perm_tariff_shock","trans_tariff_shock"
1919-01-01,NA,NA,NA,NA,NA,NA,4.5238,NA,1919,1,NA,NA,NA,NA,NA,NA
1919-04-01,NA,NA,NA,NA,NA,NA,4.9277,NA,1919,2,NA,NA,NA,NA,NA,NA
1919-07-01,NA,NA,NA,NA,NA,NA,5.197,NA,1919,3,NA,NA,NA,NA,NA,NA
1919-10-01,NA,NA,NA,NA,NA,NA,5.1432,NA,1919,4,NA,NA,NA,NA,NA,NA
1920-01-01,NA,NA,NA,NA,NA,NA,5.5201,NA,1920,1,NA,NA,NA,NA,NA,NA
1920-04-01,NA,NA,NA,NA,NA,NA,5.4124,NA,1920,2,NA,NA,NA,NA,NA,NA
1920-07-01,NA,NA,NA,NA,NA,NA,5.1162,NA,1920,3,NA,NA,NA,NA,NA,NA
1920-10-01,NA,NA,NA,NA,NA,NA,4.2276,NA,1920,4,NA,NA,NA,NA,NA,NA
1921-01-01,NA,NA,NA,NA,NA,NA,3.7968,NA,1921,1,NA,NA,NA,NA,NA,NA
1921-04-01,NA,NA,NA,NA,NA,NA,3.8776,NA,1921,2,NA,NA,NA,NA,NA,NA
1921-07-01,NA,NA,NA,NA,NA,NA,4.0122,NA,1921,3,NA,NA,NA,NA,NA,NA
1921-10-01,NA,NA,NA,NA,NA,NA,4.1738,NA,1921,4,NA,NA,NA,NA,NA,NA
1922-01-01,NA,NA,NA,NA,NA,NA,4.7662,NA,1922,1,NA,NA,NA,NA,NA,NA
1922-04-01,NA,NA,NA,NA,NA,NA,5.0893,NA,1922,2,NA,NA,NA,NA,NA,NA
1922-07-01,NA,NA,NA,NA,NA,NA,5.2509,NA,1922,3,NA,NA,NA,NA,NA,NA
1922-10-01,NA,NA,NA,NA,NA,NA,5.951,NA,1922,4,NA,NA,NA,NA,NA,NA
1923-01-01,NA,NA,NA,NA,NA,NA,6.0856,NA,1923,1,NA,NA,NA,NA,NA,NA
1923-04-01,NA,NA,NA,NA,NA,NA,6.2472,NA,1923,2,NA,NA,NA,NA,NA,NA
1923-07-01,NA,NA,NA,NA,NA,NA,5.951,NA,1923,3,NA,NA,NA,NA,NA,NA
1923-10-01,NA,NA,NA,NA,NA,NA,5.7894,NA,1923,4,NA,NA,NA,NA,NA,NA
1924-01-01,NA,NA,NA,NA,NA,NA,5.9241,NA,1924,1,NA,NA,NA,NA,NA,NA
1924-04-01,NA,NA,NA,NA,NA,NA,5.2509,NA,1924,2,NA,NA,NA,NA,NA,NA
1924-07-01,NA,NA,NA,NA,NA,NA,5.5471,NA,1924,3,NA,NA,NA,NA,NA,NA
1924-10-01,NA,NA,NA,NA,NA,NA,5.951,NA,1924,4,NA,NA,NA,NA,NA,NA
1925-01-01,NA,NA,NA,NA,NA,NA,6.1395,NA,1925,1,NA,NA,NA,NA,NA,NA
1925-04-01,NA,NA,NA,NA,NA,NA,6.1125,NA,1925,2,NA,NA,NA,NA,NA,NA
1925-07-01,NA,NA,NA,NA,NA,NA,6.0856,NA,1925,3,NA,NA,NA,NA,NA,NA
1925-10-01,NA,NA,NA,NA,NA,NA,6.5434,NA,1925,4,NA,NA,NA,NA,NA,NA
1926-01-01,NA,NA,NA,NA,NA,NA,6.5165,NA,1926,1,NA,NA,NA,NA,NA,NA
1926-04-01,NA,NA,NA,NA,NA,NA,6.5434,NA,1926,2,NA,NA,NA,NA,NA,NA
1926-07-01,NA,NA,NA,NA,NA,NA,6.7588,NA,1926,3,NA,NA,NA,NA,NA,NA
1926-10-01,NA,NA,NA,NA,NA,NA,6.705,NA,1926,4,NA,NA,NA,NA,NA,NA
1927-01-01,NA,NA,NA,NA,NA,NA,6.8127,NA,1927,1,NA,NA,NA,NA,NA,NA
1927-04-01,NA,NA,NA,NA,NA,NA,6.678,NA,1927,2,NA,NA,NA,NA,NA,NA
1927-07-01,NA,NA,NA,NA,NA,NA,6.4895,NA,1927,3,NA,NA,NA,NA,NA,NA
1927-10-01,NA,NA,NA,NA,NA,NA,6.3818,NA,1927,4,NA,NA,NA,NA,NA,NA
1928-01-01,NA,NA,NA,NA,NA,NA,6.6242,NA,1928,1,NA,NA,NA,NA,NA,NA
1928-04-01,NA,NA,NA,NA,NA,NA,6.7319,NA,1928,2,NA,NA,NA,NA,NA,NA
1928-07-01,NA,NA,NA,NA,NA,NA,7.0012,NA,1928,3,NA,NA,NA,NA,NA,NA
1928-10-01,NA,NA,NA,NA,NA,NA,7.4051,NA,1928,4,NA,NA,NA,NA,NA,NA
1929-01-01,NA,NA,NA,NA,NA,NA,7.5128,NA,1929,1,NA,NA,NA,NA,NA,NA
1929-04-01,NA,NA,NA,NA,NA,NA,7.8359,NA,1929,2,NA,NA,NA,NA,NA,NA
1929-07-01,NA,NA,NA,NA,NA,NA,7.809,NA,1929,3,NA,NA,NA,NA,NA,NA
1929-10-01,NA,NA,NA,NA,NA,NA,6.9742,NA,1929,4,NA,NA,NA,NA,NA,NA
1930-01-01,NA,NA,NA,NA,NA,NA,6.8396,NA,1930,1,NA,NA,NA,NA,NA,NA
1930-04-01,NA,NA,NA,NA,NA,NA,6.4895,NA,1930,2,NA,NA,NA,NA,NA,NA
1930-07-01,NA,NA,NA,NA,NA,NA,5.951,NA,1930,3,NA,NA,NA,NA,NA,NA
1930-10-01,NA,NA,NA,NA,NA,NA,5.5201,NA,1930,4,NA,NA,NA,NA,NA,NA
1931-01-01,NA,NA,NA,NA,NA,NA,5.6279,NA,1931,1,NA,NA,NA,NA,NA,NA
1931-04-01,NA,NA,NA,NA,NA,NA,5.4394,NA,1931,2,NA,NA,NA,NA,NA,NA
1931-07-01,NA,NA,NA,NA,NA,NA,4.9277,NA,1931,3,NA,NA,NA,NA,NA,NA
1931-10-01,NA,NA,NA,NA,NA,NA,4.6585,NA,1931,4,NA,NA,NA,NA,NA,NA
1932-01-01,NA,NA,NA,NA,NA,NA,4.3623,NA,1932,1,NA,NA,NA,NA,NA,NA
1932-04-01,NA,NA,NA,NA,NA,NA,3.7968,NA,1932,2,NA,NA,NA,NA,NA,NA
1932-07-01,NA,NA,NA,NA,NA,NA,4.0391,NA,1932,3,NA,NA,NA,NA,NA,NA
1932-10-01,NA,NA,NA,NA,NA,NA,4.093,NA,1932,4,NA,NA,NA,NA,NA,NA
1933-01-01,NA,NA,NA,NA,NA,NA,3.7968,NA,1933,1,NA,NA,NA,NA,NA,NA
1933-04-01,NA,NA,NA,NA,NA,NA,5.4663,NA,1933,2,NA,NA,NA,NA,NA,NA
1933-07-01,NA,NA,NA,NA,NA,NA,5.4124,NA,1933,3,NA,NA,NA,NA,NA,NA
1933-10-01,NA,NA,NA,NA,NA,NA,4.8739,NA,1933,4,NA,NA,NA,NA,NA,NA
1934-01-01,NA,NA,NA,NA,NA,NA,5.5201,NA,1934,1,NA,NA,NA,NA,NA,NA
1934-04-01,NA,NA,NA,NA,NA,NA,5.5201,NA,1934,2,NA,NA,NA,NA,NA,NA
1934-07-01,NA,NA,NA,NA,NA,NA,4.7931,NA,1934,3,NA,NA,NA,NA,NA,NA
1934-10-01,NA,NA,NA,NA,NA,NA,5.3855,NA,1934,4,NA,NA,NA,NA,NA,NA
1935-01-01,NA,NA,NA,NA,NA,NA,5.8971,NA,1935,1,NA,NA,NA,NA,NA,NA
1935-04-01,NA,NA,NA,NA,NA,NA,5.8702,NA,1935,2,NA,NA,NA,NA,NA,NA
1935-07-01,NA,NA,NA,NA,NA,NA,6.2472,NA,1935,3,NA,NA,NA,NA,NA,NA
1935-10-01,NA,NA,NA,NA,NA,NA,6.6511,NA,1935,4,NA,NA,NA,NA,NA,NA
1936-01-01,NA,NA,NA,NA,NA,NA,6.4626,NA,1936,1,NA,NA,NA,NA,NA,NA
1936-04-01,NA,NA,NA,NA,NA,NA,7.1358,NA,1936,2,NA,NA,NA,NA,NA,NA
1936-07-01,NA,NA,NA,NA,NA,NA,7.5128,NA,1936,3,NA,NA,NA,NA,NA,NA
1936-10-01,NA,NA,NA,NA,NA,NA,8.0783,NA,1936,4,NA,NA,NA,NA,NA,NA
1937-01-01,NA,NA,NA,NA,NA,NA,8.3475,NA,1937,1,NA,NA,NA,NA,NA,NA
1937-04-01,NA,NA,NA,NA,NA,NA,8.2667,NA,1937,2,NA,NA,NA,NA,NA,NA
1937-07-01,NA,NA,NA,NA,NA,NA,7.9975,NA,1937,3,NA,NA,NA,NA,NA,NA
1937-10-01,NA,NA,NA,NA,NA,NA,6.0856,NA,1937,4,NA,NA,NA,NA,NA,NA
1938-01-01,NA,NA,NA,NA,NA,NA,5.8971,NA,1938,1,NA,NA,NA,NA,NA,NA
1938-04-01,NA,NA,NA,NA,NA,NA,5.7086,NA,1938,2,NA,NA,NA,NA,NA,NA
1938-07-01,NA,NA,NA,NA,NA,NA,6.5434,NA,1938,3,NA,NA,NA,NA,NA,NA
1938-10-01,NA,NA,NA,NA,NA,NA,7.055,NA,1938,4,NA,NA,NA,NA,NA,NA
1939-01-01,NA,NA,NA,NA,NA,NA,7.1358,NA,1939,1,NA,NA,NA,NA,NA,NA
1939-04-01,NA,NA,NA,NA,NA,NA,7.2435,NA,1939,2,NA,NA,NA,NA,NA,NA
1939-07-01,NA,NA,NA,NA,NA,NA,8.0244,NA,1939,3,NA,NA,NA,NA,NA,NA
1939-10-01,NA,NA,NA,NA,NA,NA,8.6437,NA,1939,4,NA,NA,NA,NA,NA,NA
1940-01-01,NA,NA,NA,NA,NA,NA,8.0783,NA,1940,1,NA,NA,NA,NA,NA,NA
1940-04-01,NA,NA,NA,NA,NA,NA,8.7514,NA,1940,2,NA,NA,NA,NA,NA,NA
1940-07-01,NA,NA,NA,NA,NA,NA,9.1015,NA,1940,3,NA,NA,NA,NA,NA,NA
1940-10-01,NA,NA,NA,NA,NA,NA,9.7747,NA,1940,4,NA,NA,NA,NA,NA,NA
1941-01-01,NA,NA,NA,NA,NA,NA,10.6364,NA,1941,1,NA,NA,NA,NA,NA,NA
1941-04-01,NA,NA,NA,NA,NA,NA,11.2288,NA,1941,2,NA,NA,NA,NA,NA,NA
1941-07-01,NA,NA,NA,NA,NA,NA,11.4981,NA,1941,3,NA,NA,NA,NA,NA,NA
1941-10-01,NA,NA,NA,NA,NA,NA,11.8481,NA,1941,4,NA,NA,NA,NA,NA,NA
1942-01-01,NA,NA,NA,NA,NA,NA,12.4405,NA,1942,1,NA,NA,NA,NA,NA,NA
1942-04-01,NA,NA,NA,NA,NA,NA,12.1443,NA,1942,2,NA,NA,NA,NA,NA,NA
1942-07-01,NA,NA,NA,NA,NA,NA,13.1137,NA,1942,3,NA,NA,NA,NA,NA,NA
1942-10-01,NA,NA,NA,NA,NA,NA,14.1908,NA,1942,4,NA,NA,NA,NA,NA,NA
1943-01-01,NA,NA,NA,NA,NA,NA,14.8102,NA,1943,1,NA,NA,NA,NA,NA,NA
1943-04-01,NA,NA,NA,NA,NA,NA,15.0256,NA,1943,2,NA,NA,NA,NA,NA,NA
1943-07-01,NA,NA,NA,NA,NA,NA,16.2104,NA,1943,3,NA,NA,NA,NA,NA,NA
1943-10-01,NA,NA,NA,NA,NA,NA,16.4527,NA,1943,4,NA,NA,NA,NA,NA,NA
1944-01-01,NA,NA,NA,NA,NA,NA,16.7489,NA,1944,1,NA,NA,NA,NA,NA,NA
1944-04-01,NA,NA,NA,NA,NA,NA,16.5874,NA,1944,2,NA,NA,NA,NA,NA,NA
1944-07-01,NA,NA,NA,NA,NA,NA,16.6681,NA,1944,3,NA,NA,NA,NA,NA,NA
1944-10-01,NA,NA,NA,NA,NA,NA,16.5335,NA,1944,4,NA,NA,NA,NA,NA,NA
1945-01-01,NA,NA,NA,NA,NA,NA,16.2104,NA,1945,1,NA,NA,NA,NA,NA,NA
1945-04-01,NA,NA,NA,NA,NA,NA,15.1333,NA,1945,2,NA,NA,NA,NA,NA,NA
1945-07-01,NA,NA,NA,NA,NA,NA,12.0635,NA,1945,3,NA,NA,NA,NA,NA,NA
1945-10-01,NA,NA,NA,NA,NA,NA,12.0635,NA,1945,4,NA,NA,NA,NA,NA,NA
1946-01-01,NA,NA,NA,NA,NA,NA,11.9558,NA,1946,1,NA,NA,NA,NA,NA,NA
1946-04-01,NA,NA,NA,NA,NA,NA,12.0097,NA,1946,2,NA,NA,NA,NA,NA,NA
1946-07-01,NA,NA,NA,NA,NA,NA,13.1137,NA,1946,3,NA,NA,NA,NA,NA,NA
1946-10-01,NA,NA,NA,NA,NA,NA,13.5176,NA,1946,4,NA,NA,NA,NA,NA,NA
1947-01-01,143143,10.875,243.164,2182.681,NA,7.519,13.8407,NA,1947,1,NA,NA,NA,NA,NA,NA
1947-04-01,143790,11.294,245.968,2176.892,NA,8.203,13.7869,NA,1947,2,NA,NA,NA,NA,NA,NA
1947-07-01,144449,11.77,249.585,2172.432,NA,7.663,13.8946,NA,1947,3,NA,NA,NA,NA,NA,NA
1947-10-01,145122,9.289,259.745,2206.452,NA,8.347,14.2716,NA,1947,4,NA,NA,NA,NA,NA,NA
1948-01-01,145709,7.293,265.742,2239.682,NA,9.624,14.2177,NA,1948,1,NA,NA,NA,NA,NA,NA
1948-04-01,146289,5.205,272.567,2276.69,NA,10.036,14.6755,NA,1948,2,NA,NA,NA,NA,NA,NA
1948-07-01,146921,4.949,279.196,2289.77,NA,10.456,14.5139,NA,1948,3,NA,NA,NA,NA,NA,NA
1948-10-01,147607,4.501,280.366,2292.364,NA,10.124,14.2985,NA,1948,4,NA,NA,NA,NA,NA,NA
1949-01-01,148254,6.478,275.034,2260.807,NA,9.604,13.76,NA,1949,1,NA,NA,NA,NA,NA,NA
1949-04-01,148847,6.283,271.351,2253.128,NA,9.364,13.4638,NA,1949,2,NA,NA,NA,NA,NA,NA
1949-07-01,149485,5.179,272.889,2276.424,NA,8.936,13.7061,NA,1949,3,NA,NA,NA,NA,NA,NA
1949-10-01,150167,2.999,270.627,2257.352,NA,9.092,13.7869,NA,1949,4,NA,NA,NA,NA,NA,NA
1950-01-01,150786,2.203,280.828,2346.104,NA,9.501,14.5409,NA,1950,1,NA,NA,NA,NA,NA,NA
1950-04-01,151319,1.643,290.383,2417.682,NA,10.229,15.8334,NA,1950,2,NA,NA,NA,NA,NA,NA
1950-07-01,151973,-0.74,308.153,2511.127,NA,13.033,16.7489,NA,1950,3,NA,NA,NA,NA,NA,NA
1950-10-01,152658,-0.154,319.945,2559.214,NA,13.685,17.1259,NA,1950,4,NA,NA,NA,NA,NA,NA
1951-01-01,153291,0.177,336,2593.967,NA,14.866,17.3682,NA,1951,1,NA,NA,NA,NA,NA,NA
1951-04-01,153902,1.943,344.09,2638.898,NA,15.178,17.2605,NA,1951,2,NA,NA,NA,NA,NA,NA
1951-07-01,154610,3.742,351.385,2693.259,NA,14.31,16.9374,NA,1951,3,NA,NA,NA,NA,NA,NA
1951-10-01,155344,4.19,356.178,2699.156,NA,13.99,17.1528,NA,1951,4,NA,NA,NA,NA,NA,NA
1952-01-01,155976,3.721,359.82,2727.954,NA,14.958,17.5029,NA,1952,1,NA,NA,NA,NA,NA,NA
1952-04-01,156587,1.951,361.03,2733.8,NA,14.63,17.0182,NA,1952,2,NA,NA,NA,NA,NA,NA
1952-07-01,157267,-0.004,367.701,2753.517,NA,15.25,18.4723,NA,1952,3,NA,NA,NA,NA,NA,NA
1952-10-01,157986,-1.013,380.812,2843.941,NA,16.342,19.1455,NA,1952,4,NA,NA,NA,NA,NA,NA
1953-01-01,158574,-0.667,387.98,2896.811,NA,15.795,19.4686,NA,1953,1,NA,NA,NA,NA,NA,NA
1953-04-01,159160,-1.251,391.749,2919.206,NA,16.447,19.5763,NA,1953,2,NA,NA,NA,NA,NA,NA
1953-07-01,159889,-0.552,391.171,2902.785,NA,16.307,19.307,NA,1953,3,NA,NA,NA,NA,NA,NA
1953-10-01,160639,-0.335,385.97,2858.845,NA,15.507,18.2299,NA,1953,4,NA,NA,NA,NA,NA,NA
1954-01-01,161328,-0.356,385.345,2845.192,NA,14.78,18.0414,NA,1954,1,NA,NA,NA,NA,NA,NA
1954-04-01,161983,0.254,386.121,2848.305,NA,16.184,18.0953,NA,1954,2,NA,NA,NA,NA,NA,NA
1954-07-01,162731,0.574,390.996,2880.482,1.03,15.304,18.1222,NA,1954,3,NA,NA,NA,NA,NA,NA
1954-10-01,163524,1.145,399.734,2936.852,0.99,15.46,18.8762,NA,1954,4,NA,NA,NA,NA,NA,NA
1955-01-01,164204,1.104,413.073,3020.746,1.34,16.169,20.0071,NA,1955,1,NA,NA,NA,NA,NA,NA
1955-04-01,164864,-0.155,421.532,3069.91,1.5,17.097,20.5996,NA,1955,2,NA,NA,NA,NA,NA,NA
1955-07-01,165612,0.724,430.221,3111.379,1.94,17.421,20.8688,NA,1955,3,NA,NA,NA,NA,NA,NA
1955-10-01,166419,0.24,437.092,3130.068,2.36,18.109,21.3535,NA,1955,4,NA,NA,NA,NA,NA,NA
1956-01-01,167109,0.44,439.746,3117.922,2.48,18.925,21.2997,NA,1956,1,NA,35.76663558179,29.4666289307907,NA,NA,NA
1956-04-01,167788,1.909,446.01,3143.694,2.69,18.973,21.0843,NA,1956,2,NA,35.7999068898882,29.7995525659889,NA,NA,NA
1956-07-01,168573,2.569,451.191,3140.874,2.81,19.253,21.7574,NA,1956,3,NA,36.1999079187345,30.1,NA,NA,NA
1956-10-01,169416,4.527,460.463,3192.57,2.93,18.541,22.0806,NA,1956,4,NA,36.6333030211036,30.2998899885995,NA,NA,NA
1957-01-01,170172,4.819,469.779,3213.011,2.93,20.1,22.1883,NA,1957,1,28.5998834494085,37.0331234911782,30.5331875603515,NA,NA,NA
1957-04-01,170869,4.099,472.025,3205.97,3,20.27,21.8652,NA,1957,2,28.8332948273364,37.2666368337178,30.699891421983,NA,NA,NA
1957-07-01,171638,3.997,479.49,3237.386,3.23,19.762,21.8113,NA,1957,3,29.0332950923876,37.299910634281,31.0998928184945,NA,NA,NA
1957-10-01,172417,3.388,474.864,3203.894,3.25,19.634,20.5726,NA,1957,4,29.2666286727183,37.4325890559648,31.1332976699726,NA,NA,NA
1958-01-01,173064,1.079,467.54,3120.724,1.86,19.455,19.5225,NA,1958,1,29.399886620878,37.7,31.599684208776,NA,NA,NA
1958-04-01,173729,0.471,471.978,3141.224,0.94,20.075,19.8994,NA,1958,2,29.5332957393218,37.7333039042447,31.833193521737,NA,NA,NA
1958-07-01,174483,0.856,485.841,3213.884,1.32,19.739,20.7881,NA,1958,3,29.6332958660908,37.8333039819852,31.6666315542855,NA,NA,NA
1958-10-01,175288,-0.26,499.555,3289.032,2.16,20.823,21.6767,NA,1958,4,29.7998881427569,38.0329529482874,31.5666314429745,NA,NA,NA
1959-01-01,176045,0.519,510.33,3352.129,2.57,21.396,22.7538,NA,1959,1,29.9332962413197,38.1665503535883,31.4998941795387,NA,NA,NA
1959-04-01,176727,-0.768,522.653,3427.667,3.08,22.544,23.6155,NA,1959,2,30.0998892576214,38.3666376895464,31.4332980101039,6.94193548387097,6.85420045850485,-0.161358660445713
1959-07-01,177481,1.211,525.034,3430.057,3.58,22.868,22.2421,NA,1959,3,30.2332966091073,38.4666377649205,31.6,6.91139240506329,6.79025011379709,-0.142485464276217
1959-10-01,178268,0.627,528.6,3439.832,3.99,22.504,23.5885,NA,1959,4,30.4332968502737,38.5,31.7,6.98701298701299,6.9389110923574,-0.231562346249378
1960-01-01,179319,2.858,542.648,3517.181,3.93,23.288,23.777,NA,1960,1,30.5666302897783,38.4666377649205,31.6332982332766,7.49044585987261,6.94430592884732,0.234849280807458
1960-04-01,180401,3.395,541.08,3498.246,3.7,23.455,23.2654,NA,1960,2,30.6332970882932,38.1999127397658,31.9666318840369,6.81761006289308,6.83913861559664,-0.304067982137974
1960-07-01,181301,4.682,545.604,3515.385,2.94,22.879,22.9153,NA,1960,3,30.6,38.0332163398603,31.9666318840369,6.72847682119205,6.70011920209508,-0.244025183895471
1960-10-01,182019,5.88,540.197,3470.278,2.3,21.742,22.1344,NA,1960,4,30.766630526419,37.866637306701,32.2998968004959,6.95774647887324,6.60612943594005,0.0659103857102851
1961-01-01,182634,5.902,545.018,3493.703,2,21.658,22.2691,NA,1961,1,30.8332973232272,37.866637306701,32.3332989926537,6.92198581560284,6.5739068595049,0.0597207043462789
1961-04-01,183337,4.727,555.545,3553.021,1.73,21.899,23.4,NA,1961,2,30.9332974395557,37.9999122804993,32.2,6.68531468531468,6.62824215254077,-0.209164136789745
1961-07-01,184103,4.453,567.664,3621.252,1.68,23.326,23.8578,NA,1961,3,31.0666308756631,38.2666376137782,32.2,6.75949367088608,6.6182258415276,-0.131568203064385
1961-10-01,184894,4.572,580.612,3692.289,2.4,23.87,24.908,NA,1961,4,31.1666309905826,38.3,32.2,6.95652173913044,6.70178400858246,-0.0346401699725516
1962-01-01,185553,4.01,594.013,3758.147,2.46,24.314,25.2311,NA,1962,1,31.2332977840752,38.3333043646074,32.3331956867583,7.26829268292683,6.80741473599014,0.158974514669951
1962-04-01,186203,4.777,600.366,3792.149,2.61,24.884,25.2042,NA,1962,2,31.3666312182219,38.5666378399035,32.4332990984622,7.1715976331361,6.72922819906488,0.136965595310215
1962-07-01,186926,4.482,609.027,3838.776,2.85,25.111,25.635,NA,1962,3,31.4666313309556,38.6666379144984,32.4662225796955,6.92397660818713,6.68585673476026,-0.0593988522696142
1962-10-01,187680,3.133,612.28,3851.421,2.92,25.55,25.7696,NA,1962,4,31.5332981220439,38.5666378399035,32.6666326298873,7.17647058823529,6.82795939991044,0.0285420778415011
1963-01-01,188299,3.976,621.672,3893.482,2.97,25.185,26.4159,NA,1963,1,31.5998945144158,38.3665509592123,32.8,7.10059171597633,6.78111104229518,0.0155195011306315
1963-04-01,188906,5.558,629.752,3937.183,2.96,25.89,27.0622,NA,1963,2,31.7332983438088,38.5333045148776,32.7665312108869,6.97727272727273,6.63766552038293,0.0316305222402965
1963-07-01,189631,4.511,644.444,4023.755,3.33,26.704,27.2776,NA,1963,3,31.8666317748101,38.7,33,6.79120879120879,6.67480254013233,-0.17796145183469
1963-10-01,190362,5.711,653.938,4050.147,3.45,26.764,27.5469,NA,1963,4,32.0332986712674,38.8333047373823,33.0331986075309,6.83516483516484,6.62286649163178,-0.0812098321500918
1964-01-01,190954,7.213,669.822,4135.553,3.46,26.978,27.9777,2.51,1964,1,32.2,38.9666381359846,33.1332998212502,6.75409836065574,6.53532077235586,-0.0726170269286226
1964-04-01,191560,6.305,678.674,4180.592,3.49,27.726,28.6778,2.53,1964,2,32.2332988861892,38.9333048107889,33.1666331433491,6.7434554973822,6.60129480782759,-0.148836233706636
1964-07-01,192256,6.946,692.031,4245.918,3.46,28.429,29.1625,2.56,1964,3,32.3,38.9333048107889,33.2332999220217,6.80203045685279,6.51309161077535,0.0112815275492839
1964-10-01,192938,7.195,697.319,4259.046,3.58,29.285,29.9973,2.58,1964,4,32.4666324200712,38.9666381359846,33.3666333444222,6.90196078431372,6.49893014397016,0.0888579535592356
1965-01-01,193467,4.512,717.79,4362.111,3.98,28.457,30.9128,2.61,1965,1,32.6,39.1333049564774,33.4,7.26530612244898,6.77036074753351,0.17986523757993
1965-04-01,193994,6.688,730.191,4417.225,4.08,31.679,31.5321,2.63,1965,2,32.7,38.8999143100083,33.8327099520874,7.25,6.61692444671556,0.313412168481453
1965-07-01,194647,5.521,749.323,4515.427,4.08,32.03,32.0438,2.65,1965,3,32.7332994120112,38.5665515585623,34,7.35087719298246,6.64050709788826,0.396270083184845
1965-10-01,195279,5.75,771.857,4619.458,4.17,33.948,32.9054,2.67,1965,4,32.8998986825654,38.599913644021,34.1331056791593,7.1404958677686,6.58845609942582,0.242699506131409
1966-01-01,195763,4.367,795.734,4731.888,4.56,34.99,33.9018,2.7,1966,1,33.0666330418998,38.6333045894295,34.6660571063101,7.21285140562249,6.64504321040337,0.26023046654992
1966-04-01,196277,4.632,804.981,4748.046,4.91,36.24,34.4403,2.73,1966,2,33.3999001993026,38.7666379887082,35,7.375,6.62648778183519,0.421471954855874
1966-07-01,196877,2.687,819.638,4788.254,5.41,38.171,34.9789,2.76,1966,3,33.6999010877413,38.9666381359846,35.1664452965807,6.95588235294118,6.618348845482,0.0294207440391321
1966-10-01,197481,3.765,833.302,4827.537,5.56,38.829,35.0596,2.78,1966,4,34.0333007068886,38.9666381359846,35.4,6.85920577617328,6.54729108740257,0.0166240574082104
1967-01-01,197967,4.453,844.17,4870.299,4.82,39.432,34.6292,2.81,1967,1,34.2333008973772,38.9666381359846,35.4333019951794,6.94584837545126,6.48214774249092,0.17503733676116
1967-04-01,198455,4.219,848.983,4873.287,3.99,39.02,34.6465,2.85,1967,2,34.4999033813719,39.1999149658019,35.5333020833181,7.05970149253731,6.46828175609052,0.29812682935184
1967-07-01,199012,3.302,865.233,4919.392,3.89,39.543,35.1727,2.88,1967,3,34.8664433901098,39.5996632968004,35.8999071492492,6.74074074074074,6.38955457651791,0.080624765121237
1967-10-01,199572,2.244,881.439,4956.477,4.17,41.652,36.3536,2.92,1967,4,35.2331127803021,40.0331392039137,36.1666359257975,6.77966101694915,6.35642842356747,0.152196104914025
1968-01-01,199995,1.054,909.387,5057.553,4.79,44.399,36.5584,2.97,1968,1,35.6664484026977,40.2999172868443,36.5331206217154,6.6417445482866,6.35142779635458,0.0292467142392662
1968-04-01,200452,1.749,934.344,5142.033,5.98,45.416,37.158,3.01,1968,2,36.033117672688,40.4333058683408,36.8999096655422,6.68674698795181,6.32446099297453,0.116028019883197
1968-07-01,200997,1.65,950.825,5181.859,5.95,48.24,37.3454,3.07,1968,3,36.5331206217154,40.79991830049,37.2996425345546,6.67796610169492,6.20263454897234,0.240015909321893
1968-10-01,201538,0.945,968.03,5202.212,5.92,48.17,38.0233,3.11,1968,4,37.0664566536301,41.0996755854361,37.7999118163728,6.5982905982906,6.25514090994493,0.0858053001176147
1969-01-01,201955,0.239,993.337,5283.597,6.57,43.804,38.8,3.16,1969,1,37.5661042044403,41.5979966984018,38.0665500483926,6.46753246753247,6.35555094089784,-0.113509950845294
1969-04-01,202419,1.104,1009.02,5299.625,8.33,52.671,38.8874,3.21,1969,2,38.1665503535883,42.0999208232874,38.5993968423923,6.64961636828644,6.26366881162078,0.12597930685403
1969-07-01,202986,1.231,1029.956,5334.6,8.98,52.365,39.1737,3.26,1969,3,38.6996554663556,42.2666403647112,39.1996598609942,6.45194805194805,6.21845206692745,-0.00166801241654899
1969-10-01,203584,3.149,1038.147,5308.556,8.94,53.126,38.7116,3.31,1969,4,39.2331352486209,42.7999221182383,39.7661353478375,6.19587628865979,6.09471535202994,-0.120295402530021
1970-01-01,204086,3.514,1051.2,5300.652,8.57,53.517,37.9205,3.36,1970,1,39.8328037759625,43.1664863532235,40.2999172868443,6.15776081424936,6.03391818496225,-0.0876398681273404
1970-04-01,204721,5.207,1067.375,5308.164,7.89,55.204,37.6567,3.4,1970,2,40.5663111218586,43.7661839444904,40.6332238341274,6.04488778054863,5.92947348381411,-0.0919389608034864
1970-07-01,205419,4.088,1086.059,5357.077,6.71,56.431,37.4221,3.45,1970,3,41.0996755854361,44.299699019776,40.8999185002451,6.09708737864078,5.91833858882208,-0.0171067557547587
1970-10-01,206130,2.985,1088.608,5299.672,5.57,57.888,37.2885,3.5,1970,4,41.7661608106443,45.0993348017187,41.2666397270017,6.02803738317757,5.8922254290943,-0.0549424823476884
1971-01-01,206763,4.57,1135.156,5443.619,3.86,58.651,37.4631,3.56,1971,1,42.1666403023021,45.5999269004676,41.4665596001321,5.88940092165899,5.75284635090022,-0.0429695035159059
1971-04-01,207362,-0.401,1156.271,5473.059,4.57,63.296,38.0234,3.62,1971,2,42.599687008655,45.9664973444471,41.933147993336,5.71308016877637,5.81800040876985,-0.270360435629528
1971-07-01,208000,0.236,1177.675,5518.072,5.48,65.482,38.3056,3.67,1971,3,42.9666407934368,46.0999276933067,42.3332282359733,6.48387096774194,5.86947926047476,0.4090654333287
1971-10-01,208642,-1.92,1190.297,5531.032,4.75,61.939,39.2035,3.73,1971,4,43.1999228393684,46.0999276933067,42.6331510342063,8.68271334792123,6.2714620026911,2.11192507293513
1972-01-01,209142,-3.534,1230.609,5632.649,3.55,72.173,40.8263,3.84,1972,1,43.5666411499449,46.4666427432148,42.966485513279,5.71324863883848,5.66526291045703,-0.0931807747334993
1972-04-01,209637,-4.258,1266.369,5760.47,4.3,71.409,41.3497,3.88,1972,2,43.8999240697244,46.6999286223035,43.1999228393684,5.17560073937153,5.39802566737146,-0.319290825711458
1972-07-01,210181,-2.638,1290.566,5814.854,4.74,74.09,42.2132,3.94,1972,3,44.2332327548808,47.0999292284853,43.566335571383,5.06806282722513,5.25591979260251,-0.262070806874984
1972-10-01,210737,-3.061,1328.904,5912.22,5.15,79.19,43.7367,4,1972,4,44.4665668163175,47.3331691237222,44.1664904387573,5.11582381729201,5.18651571405775,-0.139520115179221
1973-01-01,211192,-1.4,1377.49,6058.544,6.54,85.36,44.7045,4.06,1973,1,44.7997023789752,47.5999299718858,45.2648038007471,5.14285714285714,5.12134816880232,-0.03789052962706
1973-04-01,211663,2.454,1413.887,6124.506,7.82,89.468,45.0035,4.12,1973,2,45.2664947242075,47.9666434916894,46.7655040801424,4.70857142857143,4.86829708707464,-0.192783766805759
1973-07-01,212191,6.437,1433.838,6092.301,10.56,91.139,45.4624,4.2,1973,3,45.732872046014,48.1666435879622,48.2617769314046,4.37725381414702,4.71270980238682,-0.344668759218074
1973-10-01,212708,8.952,1476.289,6150.131,10,98.669,45.923,4.25,1973,4,46.4997132598806,48.4999312713803,49.6646294276204,4.0761421319797,4.46229525267951,-0.364326444906624
1974-01-01,213144,6.394,1491.209,6097.258,9.32,110.315,45.4777,4.32,1974,1,47.2324635425873,49.0997284438477,51.8291905259857,3.82432432432432,4.26398901108625,-0.403705926695066
1974-04-01,213602,-2.714,1530.056,6111.751,11.25,129.382,45.6238,4.44,1974,2,48.4645789482033,50.3305314971321,53.2989993558233,3.34962406015038,4.30829694167674,-0.920344212773781
1974-07-01,214147,-6.972,1560.026,6053.978,12.09,133.61,45.2365,4.53,1974,3,50.1309142632894,52.2968768052106,54.563223097004,3.45388788426763,4.55097777164283,-1.06789222607125
1974-10-01,214700,0.033,1599.679,6030.464,9.35,136.552,42.0533,4.6,1974,4,51.5989663875643,54.298465272768,56.1985171613501,3.43009795191451,4.5251511942966,-1.0531289849539
1975-01-01,215135,16.481,1616.116,5957.035,6.3,124.888,40.0638,4.67,1975,1,52.6991762824826,55.8315234065897,57.1332554819703,4.09910802775025,4.39723533626712,-0.281297354695358
1975-04-01,215652,21.582,1651.853,5999.61,5.42,115.245,40.2772,4.72,1975,2,53.5329392171707,56.9997660809114,57.4330242731098,5.60346695557963,4.66321122952905,0.872296546168767
1975-07-01,216289,12.043,1709.82,6102.326,6.16,122.055,41.6304,4.79,1975,3,54.2329443011032,57.932624101349,58.8664215394197,6.94736842105263,5.08284781149968,1.74461246163708
1975-10-01,216848,13.801,1761.831,6184.53,5.41,128.73,42.4414,4.87,1975,4,55.1659209938468,58.7663072281284,59.8326466110063,7.00384615384615,4.88134161575366,1.99837395398274
1976-01-01,217314,4.65,1820.487,6323.649,4.83,138.938,43.5168,4.95,1976,1,56.1994661871004,59.3994949452007,59.8661475399606,3.78854625550661,4.28440517393836,-0.439835925173425
1976-04-01,217776,-0.496,1852.332,6370.025,5.2,147.116,43.9637,5.03,1976,2,56.966295864125,60.3659852629391,59.7997770337283,3.76257213520198,4.09441612183028,-0.26196712839234
1976-07-01,218338,-4.073,1886.558,6404.895,5.28,155.848,44.6721,5.14,1976,3,57.8994818606482,61.4659974640753,60.6995057620384,3.68347556245151,3.96509082041742,-0.18411766167316
1976-10-01,218917,-6.603,1934.273,6451.177,4.87,162.68,45.8294,5.23,1976,4,58.6997728554527,62.2996259812119,61.5995129831626,3.43578322197476,3.77285464378313,-0.21407439168111
1977-01-01,219427,-21.079,1988.648,6527.703,4.66,176.433,46.8185,5.32,1977,1,59.6659772642101,63.3991587690694,62.3993045205195,3.40650406504065,3.8804854345546,-0.342664096426867
1977-04-01,219956,-21.136,2055.909,6654.466,5.16,183.042,48.0116,5.42,1977,2,60.6326556669285,64.266545583143,63.465809688534,3.46736292428198,3.83653661960778,-0.229208381151034
1977-07-01,220573,-20.579,2118.473,6774.457,5.82,182.904,48.3189,5.51,1977,3,61.4995121912528,64.6332130552721,64.4663390253627,3.76501305483029,3.86979192539405,0.0224441164394842
1977-10-01,221201,-29.582,2164.27,6774.592,6.51,187.391,48.5629,5.61,1977,4,62.3326741393362,65.1995398740535,65.5989313602439,3.514687100894,3.96390374614466,-0.307240939463167
1978-01-01,221719,-38.681,2202.76,6796.26,6.76,203.282,49.0265,5.73,1978,1,63.4326855647255,66.364843548669,66.1993463242045,3.78391074574281,4.08991680229675,-0.186686623952196
1978-04-01,222281,-22.624,2331.633,7058.92,7.28,208.84,50.5801,5.86,1978,2,64.7322868220668,67.9651782497944,67.9639024097238,4.05482581382067,3.94195147014757,0.222699767849529
1978-07-01,222933,-23.76,2395.053,7129.915,8.1,215.062,50.8744,5.97,1978,3,66.1318051679634,69.2323548121817,69.4327415152439,4.07357859531773,3.98296873381237,0.196985727329961
1978-10-01,223583,-16.4,2476.949,7225.75,9.58,221.815,51.909,6.1,1978,4,67.5992110361569,70.6654727854943,71.0319105384739,4.08441558441558,3.87911447470075,0.312064025731307
1979-01-01,224152,-18.159,2526.61,7238.727,10.07,229.828,52.0446,6.22,1979,1,69.1646254651567,72.7633515171348,72.9966710185184,3.94797086368366,3.82858956851583,0.231465448503454
1979-04-01,224737,-22.189,2591.247,7246.454,10.18,243.097,51.8965,6.32,1979,2,70.7988229559497,74.8324280072066,75.7618101378104,3.71582557569819,3.79763345809214,0.0347262806771297
1979-07-01,225418,-23.029,2667.565,7300.281,10.95,257.306,51.4597,6.45,1979,3,72.6310671678104,76.0326166556072,78.6961503563095,3.35793357933579,3.66260171587686,-0.167752594227723
1979-10-01,226117,-26.802,2723.883,7318.535,13.58,280.466,51.7878,6.56,1979,4,74.8301126529383,77.796868231048,81.2636236247961,3.09281814363713,3.60368331880021,-0.379489407199566
1980-01-01,226754,-35.803,2789.842,7341.557,15.05,304.311,51.87,6.69,1980,1,77.5960958508051,80.1315730712883,84.4938135358566,2.77396996534463,3.66708450312865,-0.74740732349506
1980-04-01,227389,-15.211,2797.352,7190.289,12.69,292.6,48.9482,6.82,1980,2,80.1976337550174,81.6987336923393,86.6325512734623,2.78148893360161,3.44827134768423,-0.498474528214818
1980-07-01,228070,5.471,2856.483,7181.743,9.84,279.202,49.5608,6.95,1980,3,81.3982412231396,83.5942579788271,88.5309092668706,3.0807347287484,3.15238243288531,0.0821848038251084
1980-10-01,228689,-6.682,2985.557,7315.677,15.85,299.2,51.3708,7.13,1980,4,83.9297470997872,86.3984922183435,90.6645947809656,2.9015873015873,3.36908361683968,-0.31768354549222
1981-01-01,229155,-14.259,3124.206,7459.022,16.57,319.726,51.0826,7.29,1981,1,85.8990298687487,87.3332824168198,93.4943965681188,2.9059955588453,3.27688032692456,-0.201911823744265
1981-04-01,229674,-13.508,3162.532,7403.745,17.78,321.963,51.4101,7.41,1981,2,87.7975701681394,88.4302652166169,94.7332512589691,3.06990434142752,3.41374974267977,-0.204106349305816
1981-07-01,230301,-7.561,3260.609,7492.405,17.58,309.9,51.4337,7.56,1981,3,90.7629845501084,90.9646016166696,95.7660985368605,3.39347408829175,3.55549954713095,-0.0368876006776026
1981-10-01,230903,-14.75,3280.818,7410.768,13.59,319.445,49.8987,7.64,1981,4,92.5326011211751,91.5997455069429,96.6996897611556,3.4672619047619,3.52794444493572,0.0393906497421422
1982-01-01,231395,-16.276,3274.302,7295.631,14.23,309.478,49.5323,7.75,1982,1,93.6662984975305,92.5328162502329,96.8998968717164,3.52639751552795,3.6038785432799,0.0216663675985916
1982-04-01,231906,-4.386,3331.972,7328.912,14.51,299.115,48.6214,7.85,1982,2,95.3982878798253,94.6273642244951,97.0637093069953,3.53946297803092,3.40575943095748,0.240067711047886
1982-07-01,232498,-29.647,3366.322,7300.896,11.01,309.282,47.9008,7.94,1982,3,96.9997592370118,96.266655121988,98.5999661933623,3.23017107309487,3.46411663341961,-0.128183761150076
1982-10-01,233074,-29.587,3402.561,7303.817,9.29,294.861,46.9485,8.01,1982,4,97.3332534506548,96.8995532275205,98.7332882984199,3.45507246376812,3.53552463341992,0.0328442391002525
1983-01-01,233546,-24.548,3473.413,7400.066,8.65,295.251,47.9244,8.1,1983,1,97.9330154499219,97.999558237631,98.2332541822932,3.14061855670103,3.29803339120764,-0.0190804469719928
1983-04-01,234028,-45.434,3578.848,7568.456,8.8,317.949,49.123,8.19,1983,2,98.8996966623659,98.5995609233451,99.6325850491631,3.42161339421613,3.32704535316698,0.207494595742415
1983-07-01,234603,-65.2,3689.179,7719.746,9.46,343.381,51.178,8.27,1983,3,100.132922903399,100.331663245478,100.46645646723,3.36621196222455,3.40769671458991,0.0773035712562189
1983-10-01,235153,-71.385,3794.706,7880.794,9.43,357.972,52.0594,8.33,1983,4,101.432796236298,102.398598906102,100.566622492167,3.38184245660881,3.3599396413092,0.14028261119868
1984-01-01,235605,-95.004,3908.054,8034.847,9.69,387.978,53.5929,8.41,1984,1,102.832933676302,103.132999710001,101.765868211588,3.39348837209302,3.47803769250275,0.0246818223470483
1984-04-01,236082,-104.301,4009.601,8173.67,10.56,406.501,54.4014,8.48,1984,2,104.099487669589,105.032305705633,102.266655799463,3.58804379994081,3.55491720301402,0.130414959536816
1984-07-01,236657,-103.847,4084.25,8252.465,11.39,409.591,54.4466,8.55,1984,3,105.399493988716,106.032945733957,102.599480179303,3.60458958517211,3.58637333055811,0.12323308119921
1984-10-01,237232,-107.756,4148.551,8320.199,9.27,416.359,54.6416,8.61,1984,4,106.466374625561,106.199968612671,103.133322562113,3.56289855072464,3.54005637960288,0.132483610466197
1985-01-01,237673,-91.298,4230.168,8400.82,8.48,397.308,54.8653,8.66,1985,1,107.632548293567,106.699030665477,103.465851025679,3.76889981561155,3.46441720071261,0.410618425707599
1985-04-01,238176,-114.445,4294.887,8474.787,7.92,418.571,54.7989,8.74,1985,2,108.766288575281,107.099502020716,104.799872773382,3.39605110336818,3.51557558440748,-0.00807741327386535
1985-07-01,238789,-116.895,4386.773,8604.22,7.9,414.168,54.8906,8.8,1985,3,109.733049652964,106.499968701086,105.066529265923,3.53010279001468,3.56363237127423,0.0754720679660906
1985-10-01,239387,-133.434,4444.094,8668.188,8.1,438.867,55.4412,8.87,1985,4,110.999368824699,106.733322925339,105.932819066122,3.48732083792723,3.66698701748937,-0.0815276243016439
1986-01-01,239861,-126.014,4507.894,8749.127,7.83,439.418,54.9625,8.89,1986,1,112.199732619684,106.433166440521,105.026583745189,3.5896002236511,3.63626529848697,0.0460075858645291
1986-04-01,240368,-128.872,4545.34,8788.524,6.92,443.99,54.9005,8.92,1986,2,113.133146783231,106.366530944277,102.666266103364,3.67899205697069,3.69942851648619,0.0588807483460404
1986-07-01,240962,-138.961,4607.669,8872.601,6.21,459.432,55.2975,8.94,1986,3,114.199532981161,106.699875038904,102.932546717372,3.8281750266809,3.7847568951063,0.108965388829115
1986-10-01,241539,-133.629,4657.627,8920.193,6.27,468.628,56.2845,9.01,1986,4,115.299739808606,106.8,103.399967762724,3.7040522875817,3.72462248723604,0.0413924164451574
1987-01-01,242009,-141.234,4722.156,8986.367,6.22,477.685,56.9098,9.07,1987,1,116.232979738101,106.899875272695,105.264375413409,3.82541720154044,3.79292402871132,0.0834022106804867
1987-04-01,242520,-146.977,4806.16,9083.256,6.65,502.337,57.9307,9.11,1987,2,117.633068714689,107.933137798337,107.166469612845,3.87973600586654,3.83638441011113,0.0831771443204818
1987-07-01,243120,-145.464,4884.555,9162.024,6.84,517.318,58.9951,9.19,1987,3,118.732762649621,108.799908031839,108.131104216173,3.65373699148534,3.81518221381884,-0.11680246400243
1987-10-01,243721,-145.405,5007.994,9319.332,6.92,537.511,60.4095,9.28,1987,4,120.09975020764,109.133262085438,109.333201147057,3.63536668951337,3.84628559943166,-0.163655032766408
1988-01-01,244208,-123.987,5073.372,9367.502,6.66,542.714,60.8501,9.31,1988,1,121.266217940477,109.166381844397,109.29942138905,3.6955832389581,3.73028476756025,0.00838905710266405
1988-04-01,244716,-106.627,5190.036,9490.594,7.16,546.098,61.2569,9.41,1988,2,122.732781243909,109.933141354627,111.266506762481,3.62216737715952,3.61472425698373,0.055326775157605
1988-07-01,245354,-99.263,5282.835,9546.206,7.98,552.849,61.3807,9.51,1988,3,124.099167981906,110.832962515326,112.664117915958,3.64885834626469,3.57278824952065,0.11975664537667
1988-10-01,245966,-107.694,5399.509,9673.405,8.47,574.314,62.0743,9.6,1988,4,125.599575370114,111.566387967979,114.066598461403,3.55763504891536,3.62243570162452,-0.0229788027263077
1989-01-01,246460,-100.965,5511.253,9771.725,9.44,586.154,62.1369,9.7,1989,1,126.932799506958,112.03326392918,115.130607351364,3.53609958506224,3.62290497456001,-0.0402028170733041
1989-04-01,247017,-88.16,5612.463,9846.293,9.73,595.389,61.7697,9.77,1989,2,128.299350477356,111.966626988056,118.899410795486,3.57040961891176,3.58154820007727,0.0315606740559387
1989-07-01,247698,-75.075,5695.365,9919.228,9.08,584.427,61.5796,9.87,1989,3,129.533016034868,111.93332340876,118.799411243856,3.71763720150817,3.56932784754249,0.183993317578881
1989-10-01,248374,-82.765,5747.237,9938.767,8.61,598.152,62.0428,9.98,1989,4,131.099364349829,112.699526765242,119.966601816651,3.60163599182004,3.61271422756509,0.0190448640896581
1990-01-01,248936,-88.536,5872.701,10047.386,8.25,626.767,62.5999,10.11,1990,1,132.76542867409,113.333323531333,123.365412650413,3.4615987460815,3.61570379042072,-0.128699163985496
1990-04-01,249711,-68.833,5960.028,10083.855,8.24,614.759,62.8382,10.2,1990,2,134.49923227083,113.133294032874,123.899274776049,3.59257765227914,3.6050748428062,-0.000463343722961168
1990-07-01,250595,-74.953,6015.116,10090.569,8.16,630.102,62.9523,10.27,1990,3,136.498949179475,113.333294102255,126.69326457223,3.45170847323721,3.63320674310326,-0.175584953624902
1990-10-01,251482,-79.096,6004.733,9998.704,7.74,647.282,61.3352,10.34,1990,4,138.06605533331,113.899912255008,130.066504315671,3.27125817622162,3.63528671480957,-0.358227868025577
1991-01-01,252258,-47.14,6035.178,9951.916,6.43,620.317,60.3346,10.41,1991,1,140.066039421867,114.966163580267,129.732682093602,3.32957746478873,3.52849910219509,-0.195546814353794
1991-04-01,253063,-23.188,6126.862,10029.51,5.86,613.921,61.5581,10.51,1991,2,141.332853884444,115.833064600358,130.099666685703,3.29124236252546,3.42905259979754,-0.134951488220336
1991-07-01,253965,-21.074,6205.937,10080.195,5.64,621.669,62.2195,10.58,1991,3,142.865958768042,116.466657124682,130.466530310699,3.3445243804956,3.41033237716689,-0.0627247351690268
1991-10-01,254835,-23.053,6264.54,10115.329,4.82,638.27,61.7852,10.64,1991,4,144.199422096621,116.666599981821,130.93276412959,3.47910592808552,3.36411646101992,0.110312179794359
1992-01-01,255585,-20.536,6363.102,10236.435,4.02,645.823,62.4232,10.68,1992,1,145.466292558199,117.399631180598,131.499366283385,3.3810888252149,3.30692476102221,0.0732371575279001
1992-04-01,256439,-32.788,6470.763,10347.429,3.77,658.951,63.1363,10.77,1992,2,146.732962124937,118.299887292088,132.399471677291,3.34411600669269,3.33283338869039,0.0146451891960332
1992-07-01,257386,-38.488,6566.641,10449.673,3.26,677.853,63.5703,10.83,1992,3,147.866523863643,118.899887860842,133.366608334006,3.3724499007041,3.30639094368232,0.0629328869129165
1992-10-01,258277,-47.14,6680.803,10558.648,3.04,688.536,64.3507,10.9,1992,4,149.199642537124,119.666517995313,133.79997508719,3.35518157661647,3.31850906364439,0.0297491482478552
1993-01-01,259039,-55.704,6729.459,10576.275,3.04,699.31,64.8522,10.99,1993,1,150.499711893725,119.89991664348,134.932978895483,3.24361868379927,3.29253812577344,-0.0531645571908536
1993-04-01,259826,-63.187,6808.939,10637.847,3,716.281,64.9301,11.03,1993,2,151.766395723557,120.699751449364,135.233226474721,3.42314861887816,3.30259786030855,0.099331573721983
1993-07-01,260714,-68.354,6882.098,10688.606,3.06,719.251,65.3717,11.09,1993,3,152.666440884555,121.666109434699,134.666534566198,3.45279513595676,3.32107706236816,0.112618907080853
1993-10-01,261547,-73.449,7013.738,10833.987,2.99,745.049,66.5436,11.18,1993,4,153.866226073676,122.79980985622,135.399975381581,3.24946973405123,3.24705507348626,-0.0104554789271542
1994-01-01,262250,-80.595,7115.652,10939.116,3.21,761.827,67.4552,11.25,1994,1,154.866315256194,123.199972943717,135.666633917358,3.28188775510204,3.23900173630434,0.0226623056560686
1994-04-01,263020,-90.572,7246.931,11087.361,3.94,797.56,68.6265,11.31,1994,2,155.932898765844,124.198845029077,136.066315877446,3.21208459214502,3.20891432185949,-0.0124124009485004
1994-07-01,263870,-96.868,7331.075,11152.176,4.49,833.751,69.3961,11.39,1994,3,157.09966051274,125.49989375821,137.632985855428,3.1645824349576,3.12843110838842,0.0164492683521548
1994-10-01,264678,-101.913,7455.288,11279.932,5.17,860.559,71.1523,11.48,1994,4,158.099852333932,126.266340991067,137.966368616101,3.03253495777378,3.06733841515921,-0.0447415251779845
1995-01-01,265388,-105.329,7522.289,11319.951,5.81,886.899,71.3113,11.55,1995,1,159.432908303862,127.299659349008,138.466658640984,2.68169014084507,2.96510251335211,-0.276966124352037
1995-04-01,266142,-109.492,7580.997,11353.721,6.02,908.343,71.7749,11.63,1995,2,160.733077613336,127.966657982341,139.233038135024,2.61363339003009,2.91321930820841,-0.284058356950782
1995-07-01,267000,-74.444,7683.125,11450.31,5.8,905.843,72.7144,11.73,1995,3,161.799670374277,128.166605966734,139.699976139342,2.58365144135843,2.71273342379608,-0.0987198919065237
1995-10-01,267820,-69.78,7772.586,11528.067,5.72,909.201,73.0305,11.81,1995,4,162.93324464825,128.566606155633,139.999928605406,2.5881115202525,2.62385589365487,0.00376485053919673
1996-01-01,268487,-88.795,7868.468,11614.418,5.36,936.735,73.585,11.89,1996,1,164.033082756855,129.133273117515,141.699131005731,2.56826003824092,2.60906261220229,0.00361019458399663
1996-04-01,269251,-93.709,8032.84,11808.14,5.24,952.751,75.4433,12.03,1996,2,164.999676767044,129.233324737098,143.433232586322,2.42535070140281,2.58853988594979,-0.110140168410853
1996-07-01,270128,-114.18,8131.408,11914.063,5.31,973.757,76.3158,12.13,1996,3,166.066338947136,129.499897039815,143.699791231429,2.41895874263261,2.63651528005988,-0.158466247135559
1996-10-01,270991,-88.822,8259.771,12037.775,5.28,992.62,77.5333,12.24,1996,4,167.133147116952,129.566658089601,145.232314711968,2.12276276276276,2.39717151734771,-0.196606023146261
1997-01-01,271709,-108.839,8362.655,12115.472,5.28,1027.213,79.082,12.35,1997,1,168.099821534611,129.499974259969,146.166613443384,2.20266976204295,2.3858896126696,-0.107744428523023
1997-04-01,272487,-85.201,8518.825,12317.221,5.52,1039.651,79.9792,12.46,1997,2,169.16654184767,129.199922560635,145.766613297301,2.34220183486239,2.24198764440179,0.184222305804589
1997-07-01,273391,-96.831,8662.823,12471.01,5.53,1070.888,82.2156,12.6,1997,3,169.899862733487,128.333168872936,146.466203808227,2.20480854853072,2.13270889876644,0.172145388418779
1997-10-01,274246,-117.014,8765.907,12577.495,5.51,1085.344,83.9538,12.75,1997,4,170.866484655837,127.866553754529,146.99997732426,2.11462450592885,2.07958933662182,0.150889985829981
1998-01-01,274950,-135.215,8866.48,12703.742,5.52,1098.236,84.488,12.87,1998,1,171.899825479753,127.799973917574,146.56652259674,2.10686359687228,2.04489383980068,0.186358845763832
1998-04-01,275703,-162.331,8969.699,12821.339,5.5,1109.626,84.8248,12.99,1998,2,172.866428801123,127.599921670992,146.432824440352,2.1098284604596,2.09772896817059,0.137296222335581
1998-07-01,276564,-174.634,9121.097,12982.752,5.53,1109.897,86.2021,13.11,1998,3,173.899750682017,127.633115506168,146.999795918084,2.15067750677507,2.12088066586339,0.168140522862268
1998-10-01,277400,-178.663,9293.991,13191.67,4.86,1145,87.1185,13.21,1998,4,174.866183938597,127.099973773926,147.732942554005,2.05163727959698,1.98792669088258,0.207624257491177
1999-01-01,278103,-212.559,9411.682,13315.597,4.73,1173.324,88.2267,13.34,1999,1,175.633327007822,126.266235700458,148.666614338586,1.86086423536623,1.970636241812,0.0458490484120995
1999-04-01,278864,-247.53,9526.21,13426.748,4.75,1222.126,88.9188,13.47,1999,2,176.466622583673,125.799973502909,150.433237276176,1.74375,1.93123782154565,-0.0239944071819372
1999-07-01,279751,-276.403,9686.626,13604.771,5.09,1281.712,89.4299,13.61,1999,3,177.399755857694,125.999973544968,151.865560952661,1.82938828552864,1.91768814653615,0.067372012033371
1999-10-01,280592,-301.708,9900.169,13827.98,5.31,1332.679,91.6634,13.7,1999,4,178.399831838406,125.79976152578,153.832330698124,1.86270674017428,1.89454875895144,0.126087119410815
2000-01-01,281304,-356.583,10002.179,13878.147,5.68,1409.487,92.1504,13.85,2000,1,179.566400792727,125.29989358863,156.494490240074,1.671581769437,1.93272141286181,-0.104080682364851
2000-04-01,282002,-362.501,10247.72,14130.908,6.27,1455.86,92.9862,13.98,2000,2,180.699704851021,125.566551687304,157.364944574836,1.78203359571533,1.85778547514068,0.0900006268254014
2000-07-01,282769,-393.867,10318.165,14145.312,6.52,1518.869,92.9792,14.12,2000,3,181.899706798135,125.333324469656,158.732653692329,1.67893549140145,1.82042375452948,0.0254662538373351
2000-10-01,283518,-411.343,10435.744,14229.765,6.47,1524.52,92.3415,14.29,2000,4,182.99976308608,125.333271292284,160.065950806626,1.62356033083404,1.82420548246505,-0.0139892959526131
2001-01-01,284169,-402.653,10470.231,14183.12,5.59,1499.464,91.1162,14.42,2001,1,184.333037870296,125.533271391103,160.499854543205,1.72728709116764,1.82049905225379,0.0975594263015751
2001-04-01,284838,-364.015,10599,14271.694,4.33,1422.028,89.8784,14.54,2001,2,185.466265591751,124.866417638206,161.665751159776,1.73178529362275,1.74546994512118,0.193306661294566
2001-07-01,285584,-370.634,10598.02,14214.516,3.5,1369.536,88.7485,14.62,2001,3,186.733113212553,124.166496599219,160.799481756207,1.73890248164977,1.82742726154721,0.117608515477009
2001-10-01,286311,-369.688,10660.465,14253.574,2.13,1323.208,87.9324,14.74,2001,4,187.966199370742,123.966657702076,159.298660796442,1.82620490098562,1.85329840338468,0.17830912260215
2002-01-01,286935,-386.884,10783.5,14372.785,1.73,1356.041,89.1686,14.83,2002,1,188.99987648714,122.465461516545,159.365573920023,1.68125891583452,1.80440194622601,0.0903532086773381
2002-04-01,287574,-428.259,10887.46,14460.848,1.75,1432.413,90.7061,14.93,2002,2,189.966555516836,121.566602670399,160.599751140391,1.65466844830466,1.75956898034538,0.109880915410549
2002-07-01,288303,-447.548,10984.04,14519.633,1.74,1463.107,90.6531,15.05,2002,3,190.966363922353,121.233296659631,161.166411529526,1.6767775603392,1.70983105474695,0.18523266485915
2002-10-01,289007,-496.289,11061.433,14537.58,1.44,1499.335,90.4652,15.2,2002,4,191.833171101703,120.432770703075,163.064898191734,1.64122870170386,1.77532977776182,0.0881419614643642
2003-01-01,289609,-525.262,11174.129,14614.141,1.25,1529.463,91.1044,15.27,2003,1,192.466660892995,119.366629446971,165.930224098065,1.69266234273658,1.83688193885671,0.0793106599659366
2003-04-01,290253,-519.87,11312.766,14743.567,1.25,1527.336,90.6527,15.36,2003,2,192.799878922607,118.465954244622,163.098020860184,1.66214213277167,1.8343444289364,0.0609070774397659
2003-07-01,290974,-518.994,11566.669,14988.782,1.02,1556.304,91.5059,15.42,2003,3,193.566626478678,116.998516162057,165.228272476095,1.65978344934261,1.78165230687166,0.118405388482578
2003-10-01,291669,-523.694,11772.234,15162.76,1,1615.376,92.2602,15.47,2003,4,194.066643770271,115.166396675069,166.799141186223,1.59552739470742,1.6636033196411,0.181573187492936
2004-01-01,292237,-565.975,11923.447,15248.68,1,1699.644,92.5861,15.56,2004,1,194.999641200304,114.833323659346,169.56607025658,1.5858607281725,1.61586685101587,0.223261352529742
2004-04-01,292875,-617.581,12112.815,15366.85,1.01,1787.734,92.871,15.67,2004,2,196.233123867215,114.633294547328,171.096118596212,1.5375,1.61799091825767,0.172799807299345
2004-07-01,293603,-652.672,12305.307,15512.619,1.43,1832.856,93.7467,15.78,2004,3,197.066424386931,114.299737532206,172.26656341418,1.53355945469963,1.66556156795738,0.130368041707675
2004-10-01,294334,-700.336,12527.214,15670.88,1.95,1921.78,95.5365,15.86,2004,4,198.266459279291,115.299797478574,175.666166627837,1.50152088894407,1.7229138234064,0.0399632170763745
2005-01-01,294957,-696.655,12767.286,15844.727,2.47,1955.063,96.4456,15.97,2005,1,199.499482288341,115.566599346919,175.93179175134,1.52490258158792,1.6623444847784,0.133811179366676
2005-04-01,295588,-707.21,12922.656,15922.782,2.94,2002.063,97.1753,16.08,2005,2,200.433261245717,115.399971114955,176.963767403473,1.50251851851852,1.6287037190653,0.143129989199104
2005-07-01,296340,-750.961,13142.642,16047.587,3.46,2053.275,95.3005,16.19,2005,3,201.099933697973,114.933207591053,183.656411816655,1.47389071605793,1.69226688712038,0.0562249948926103
2005-10-01,297086,-804.786,13324.204,16136.734,3.98,2155.529,98.0452,16.36,2005,4,202.433064296816,115.033323676162,184.218863697116,1.38925660521853,1.76459520953256,-0.105406216468538
2006-01-01,297736,-790.818,13599.16,16353.835,4.46,2204.784,98.4628,16.54,2006,1,203.699492957788,114.899970989259,184.499945819027,1.39570436561339,1.70426625518682,-0.0333577932823946
2006-04-01,298408,-794.042,13753.424,16396.151,4.91,2253.809,99.0997,16.72,2006,2,205.366174241549,114.766598877525,187.432544244385,1.42939102058003,1.72216768600303,-0.0301954347399162
2006-07-01,299180,-823.284,13870.188,16420.738,5.25,2298.702,99.3183,16.87,2006,3,206.766338815213,114.499883551556,189.892031954869,1.43060699588477,1.85023176788197,-0.162369078801915
2006-10-01,299946,-737.668,14039.56,16561.866,5.25,2269.198,100.1735,17.05,2006,4,207.833231772171,113.666393114105,185.163034464429,1.3599873744016,1.70407315524344,-0.0746088518279351
2007-01-01,300609,-739.273,14215.651,16611.69,5.26,2317.264,100.9547,17.22,2007,1,209.050724724693,112.995650349543,188.232877950177,1.46682488907234,1.73173214576563,-0.0151557861261895
2007-04-01,301284,-745.806,14402.082,16713.314,5.25,2368.569,101.7893,17.41,2007,2,210.065501564929,112.567854154726,192.606878753699,1.42556307443693,1.77194844966321,-0.0997235426338831
2007-07-01,302062,-728.954,14564.117,16809.587,5.07,2414.664,102.0894,17.55,2007,3,211.148424926859,112.108332737651,194.224428614956,1.43824127834847,1.76380550978571,-0.0892545601703421
2007-10-01,302829,-729.699,14715.058,16915.191,4.5,2480.413,102.3803,17.68,2007,4,212.634532728819,112.191974951705,198.883510090265,1.42146811070999,1.74800290515036,-0.0987332591628703
2008-01-01,303494,-771.248,14706.538,16843.003,3.18,2584.568,101.5336,17.88,2008,1,214.043156711114,112.029572015283,202.516586187857,1.36199492034172,1.75766302985128,-0.174488124598325
2008-04-01,304160,-776.404,14865.701,16943.291,2.09,2681.686,100.0335,18.04,2008,2,214.973042386801,111.308509174171,208.034606031426,1.31801478726701,1.65612241903027,-0.105995192451236
2008-07-01,304902,-787.354,14898.999,16854.295,1.94,2709.569,93.7895,18.2,2008,3,216.356782964635,110.689331564914,214.05140754443,1.28685101332044,1.73297123863276,-0.219075329260278
2008-10-01,305616,-628.474,14608.209,16485.35,0.51,2328.779,90.8357,18.39,2008,4,216.886655257658,109.451499088516,198.882918037644,1.49994725181981,1.83269872088927,-0.109414723377273
2009-01-01,306237,-420.992,14430.902,16298.262,0.18,1932.761,86.6528,18.5,2009,1,217.796685216699,109.169950421744,193.530112907306,1.59901510177282,1.81644961028227,0.00992044840878126
2009-04-01,306866,-358.368,14381.236,16269.145,0.18,1879.461,84.7459,18.56,2009,2,218.907270572047,109.678743435866,195.824526950629,1.5157437567861,1.6853798630869,0.0440415802292806
2009-07-01,307573,-423.998,14448.882,16326.281,0.16,2018.722,87.4063,18.7,2009,3,219.559498266854,109.479499569582,201.09996099446,1.32739947715673,1.66352608878113,-0.127006703845856
2009-10-01,308285,-473.254,14651.249,16502.754,0.12,2176.763,88.3793,18.84,2009,4,220.682611828315,111.106188625306,203.884860631706,1.38964157091408,1.65994062415522,-0.0761034204905275
2010-01-01,308901,-509.192,14764.61,16582.71,0.13,2269.069,90.2928,18.92,2010,1,220.715657904684,111.809286370722,204.797412409338,1.42638737758433,1.7053176515288,-0.0941969325214012
2010-04-01,309488,-542.514,14980.193,16743.162,0.19,2362.255,91.9928,19.03,2010,2,220.992613427232,111.197208403412,203.408227709452,1.44646380724894,1.78953219683283,-0.172905753832148
2010-07-01,310148,-553.943,15141.607,16872.266,0.19,2431.195,92.9537,19.11,2010,3,221.527620720869,111.202300922571,204.142149322997,1.51495737274883,1.83441110373448,-0.164011625081581
2010-10-01,310817,-523.586,15309.474,16960.864,0.19,2495.702,93.6787,19.23,2010,4,222.107232621328,111.079966428864,208.810270329131,1.48415846432594,1.71721247703982,-0.0826712862709341
2011-01-01,311376,-568.476,15351.448,16920.632,0.16,2608.884,94.0788,19.3,2011,1,223.15650481183,111.419686156091,213.804747883059,1.42119640707473,1.71334971002038,-0.155514206787962
2011-04-01,311940,-581.092,15557.539,17035.114,0.09,2697.224,94.172,19.41,2011,2,224.199316300641,112.531525085916,219.71001220322,1.44194488012548,1.66592990177374,-0.0841108843559498
2011-07-01,312606,-567.111,15647.68,17031.313,0.08,2723.903,95.1961,19.49,2011,3,225.732348946794,113.243324476813,220.884101677308,1.46153162362772,1.62402952016441,-0.0317046830030163
2011-10-01,313258,-601.788,15842.259,17222.583,0.07,2751.911,96.3571,19.57,2011,4,226.936368373276,113.03399145147,221.722135091957,1.39311522795953,1.72568290645805,-0.200049356939364
2012-01-01,313813,-602.271,16068.805,17367.01,0.1,2792.253,96.74,19.64,2012,1,228.12952474813,112.963997686779,223.761491156016,1.38042681612416,1.76956057753512,-0.258387123985642
2012-04-01,314373,-565.241,16207.115,17444.525,0.15,2780.827,97.6663,19.71,2012,2,229.250478518223,113.057330826496,223.785289146078,1.47469837687701,1.75329797333345,-0.156425210565216
2012-07-01,315030,-523.083,16319.541,17469.65,0.14,2750.817,97.381,19.79,2012,3,230.287158382912,112.785626585604,224.426234241794,1.50164972944437,1.6998337436472,-0.0785797717423253
2012-10-01,315685,-515.874,16420.419,17489.852,0.16,2753.373,98.3101,19.91,2012,4,231.359488740662,112.371662153306,226.270323014451,1.4884456550391,1.69882985085612,-0.0982386301149692
2013-01-01,316196,-499.348,16648.189,17662.4,0.14,2755.277,99.1921,20.01,2013,1,232.530550665523,112.361604473059,226.24723149608,1.53245675345099,1.70216292608651,-0.0605707359827891
2013-04-01,316733,-498.38,16728.687,17709.671,0.12,2759.783,99.3897,20.13,2013,2,233.059233113637,111.891626226302,224.18494945997,1.50792541810401,1.73679868250425,-0.126150464925059
2013-07-01,317396,-482.067,16953.838,17860.45,0.08,2767.183,100.161,20.23,2013,3,234.305093151751,111.673660026508,225.366702619962,1.53280188186095,1.73053256062717,-0.097602276004451
2013-10-01,318072,-434.019,17192.019,18016.147,0.09,2783.259,100.5175,20.34,2013,4,235.34608449302,111.674659633193,225.128073905473,1.6112922154127,1.60331352578168,0.101776146366792
2014-01-01,318645,-510.088,17197.738,17953.974,0.07,2853.69,101.8942,20.5,2014,1,236.256839046911,111.042792121501,226.671655330719,1.55574381565571,1.66606022385655,-0.0206854344628618
2014-04-01,319228,-505.404,17518.508,18185.911,0.09,2900.572,102.735,20.6,2014,2,237.479125333574,110.401207661167,227.984231828848,1.52375607931163,1.61672989701668,0.000545021618771166
2014-07-01,319919,-489.357,17804.228,18406.941,0.09,2888.549,103.0641,20.66,2014,3,238.461874562307,110.184994133337,227.678021024085,1.56074727295524,1.57288373462986,0.0899632704289679
2014-10-01,320611,-530.751,17912.079,18500.031,0.1,2906.969,103.7044,20.71,2014,4,239.41094392282,109.83083774336,224.192090883792,1.61473666652767,1.65761821508285,0.0453478093149974
2015-01-01,321168,-526.432,18063.529,18666.621,0.11,2825.476,101.8914,20.91,2015,1,240.245685290498,109.15924407215,216.872623235049,1.61430839878117,1.71854015587079,-0.00690660905323016
2015-04-01,321744,-509.527,18279.784,18782.243,0.12,2809.968,100.571,21,2015,2,241.699155465809,109.45566440886,218.36278753937,1.79273309947599,1.73181692650501,0.138855420012039
2015-07-01,322428,-538.082,18401.626,18857.418,0.14,2798.806,100.7547,21.09,2015,3,242.899132924886,109.14897386776,218.713138948712,1.53786721375878,1.76042574737375,-0.135664378339083
2015-10-01,323110,-523.238,18435.137,18892.206,0.16,2745.517,99.0417,21.23,2015,4,244.185123016478,108.766174016963,216.518532889742,1.71660009872997,1.82432148080708,-0.0419483609079629
2016-01-01,323689,-511.682,18525.933,19001.69,0.36,2693.639,98.3096,21.39,2016,1,245.459019073731,108.209653861006,213.232225255675,1.78268648499862,1.9048354922215,-0.065667915969286
2016-04-01,324265,-489.37,18711.702,19062.709,0.37,2711.306,98.8833,21.52,2016,2,247.075666254545,107.640334061493,214.396535786984,1.70596280087527,1.8440874401139,-0.0837696979381533
2016-07-01,324926,-481.229,18892.639,19197.938,0.4,2751.229,98.7457,21.62,2016,3,248.364318851827,106.921906046599,214.842931970811,1.67364919536096,1.80222610030788,-0.0888680109954292
2016-10-01,325557,-530.806,19089.379,19304.352,0.45,2799.145,99.0214,21.76,2016,4,249.514130092799,106.373888991711,217.429129398005,1.60860016690824,1.87408191017669,-0.226664987607081
2017-01-01,326053,-533.42,19280.084,19398.343,0.7,2873.148,99.0137,21.88,2017,1,250.802886447566,106.352809766086,219.255419131163,1.60274324903558,1.8487741816075,-0.220861285316737
2017-04-01,326554,-553.499,19438.643,19506.949,0.95,2903.18,100.3471,22.02,2017,2,251.46757600647,105.625337929417,217.759647461907,1.66114329528029,1.91957393705604,-0.2469317569148
2017-07-01,327140,-531.498,19692.595,19660.766,1.15,2916.022,99.7954,22.18,2017,3,252.443765949342,104.622294997075,219.370655873536,1.63171399247349,1.90698048752568,-0.264749323928384
2017-10-01,327692,-554.897,20037.088,19882.352,1.2,3034.004,101.4644,22.3,2017,4,253.895107584523,104.499437128536,222.12898162992,1.6055433634073,1.90530324115231,-0.30966542083421
2018-01-01,328091,-576.031,20328.553,20044.077,1.45,3093.299,102.2067,22.49,2018,1,255.728295391527,104.78693088393,224.40120315805,1.63600744053509,1.96079694913077,-0.345699687069073
2018-04-01,328526,-543.823,20580.912,20150.476,1.74,3105.995,103.198,22.66,2018,2,257.057800866582,104.269691015936,226.222673282779,1.83833727344366,1.98896163236908,-0.198610384754721
2018-07-01,329040,-618.246,20798.73,20276.154,1.92,3153.747,104.1004,22.86,2018,3,257.98584673755,104.120834376984,226.872105617869,2.05988857938719,2.20502319721317,-0.220007057857246
2018-10-01,329522,-634.207,20917.867,20304.874,2.22,3171.622,104.0936,23.11,2018,4,259.472577151185,104.474402768398,225.870505184676,2.7795260370356,2.42254137316983,0.22649189269125
2019-01-01,329868,-592.294,21111.6,20431.641,2.4,3132.539,102.8757,23.29,2019,1,261.172795110128,105.299935238604,223.881348881153,2.9891068397995,2.47582745640972,0.361562839270978
2019-04-01,330245,-617.962,21397.938,20602.275,2.4,3165.41,102.4375,23.48,2019,2,262.317482170786,104.628372056598,227.537945765942,2.73447871925029,2.52980084551142,0.0530656702790064
2019-07-01,330729,-585.547,21717.171,20843.322,2.19,3117.952,102.2917,23.68,2019,3,263.847944769057,104.647660856386,226.889800218956,3.1713378324732,2.63670883270384,0.357213039366825
2019-10-01,331208,-513.359,21933.217,20985.448,1.64,3050.824,101.7003,23.84,2019,4,265.512319416024,104.540249748674,228.238247701197,3.47965756216877,2.58681070318222,0.702560726501434
2020-01-01,331545,-501.596,21751.238,20709.212,1.26,2932.536,97.4078,24.13,2020,1,267.046533141536,104.615431443841,227.48144838087,3.37106071443598,2.53722338825928,0.628815947247223
2020-04-01,331765,-526.892,19958.291,19077.992,0.06,2356.583,91.5934,24.78,2020,2,265.66893450193,103.956205097664,221.055839093876,2.81631600660066,2.69580042901948,-0.0503478684008884
2020-07-01,331938,-687.616,21704.437,20558.879,0.09,2804.369,95.9669,24.82,2020,3,268.247230718772,106.170712348481,224.807425785394,2.80093200593095,2.77121688709059,-0.15799163915171
2020-10-01,332111,-758.111,22087.16,20791.917,0.09,3036.076,98.363,25.17,2020,4,269.875658882263,108.1359778435,226.63710399962,2.89528301886792,2.76967731482919,-0.0655026524328524
2021-01-01,332056,-789.049,22680.693,21082.134,0.08,3182.082,98.3856,25.35,2021,1,270.881325665492,108.317844826896,232.524925205171,3.04462216907093,2.78740317486197,0.0613537545357275
2021-04-01,332217,-825.62,23425.91,21440.929,0.07,3348.435,99.7987,25.81,2021,2,275.558862997313,115.094972603918,236.327856608229,3.17316419510452,2.80543750438637,0.146270833131979
2021-07-01,332634,-873.479,23982.379,21617.828,0.09,3454.82,98.8579,26.3,2021,3,279.128636284033,119.899046468568,241.414010005132,3.12692497011462,2.86956263670172,0.033871000306549
2021-10-01,333113,-908.785,24813.6,21988.737,0.08,3686.382,100.5726,26.76,2021,4,283.423248475322,124.309340276134,249.726585530141,3.19750649692424,2.88814594909384,0.0692816134832682
2022-01-01,333476,-1049.17,25250.347,21932.71,0.12,3914.397,101.3907,27.12,2022,1,288.031497538285,128.049841055124,258.620427463112,3.33233956233096,3.0255526120024,0.0532116253082645
2022-04-01,333979,-996.17,25861.292,21967.045,0.77,4089.904,101.018,27.53,2022,2,292.170421855888,128.012587312769,270.324314507207,3.22979580950123,2.83915523313646,0.146578585374336
2022-07-01,334653,-855.6,26336.304,22125.625,2.19,3984.675,101.2918,27.85,2022,3,296.644785254669,129.031944579042,271.029890196173,3.12245023725889,2.66529265246954,0.22799451355908
2022-10-01,335382,-850.616,26770.514,22278.345,3.65,3908.3,99.7664,28.23,2022,4,300.375495661345,127.177465222289,272.396325762391,2.87140638372056,2.61257387595062,0.0618390487127873
2023-01-01,336018,-794.917,27216.445,22439.607,4.52,3880.433,101.0205,28.59,2023,1,303.966689507847,126.373958702894,273.002987955598,2.72153836341603,2.54423855180514,-0.00686587583746072
2023-04-01,336685,-797.486,27530.055,22580.499,4.99,3813.697,100.1196,28.89,2023,2,307.467100906776,127.56161337116,272.761348203289,2.69739472390628,2.56015093944304,-0.037854907980426
2023-07-01,337500,-765.535,28074.846,22840.989,5.26,3847.616,101.0211,29.16,2023,3,309.739587676888,126.611946462296,275.765170300215,2.56719943056814,2.48803428940189,-0.0833857902954711
2023-10-01,338360,-788.044,28424.722,23033.78,5.33,3897.676,100.6031,29.48,2023,4,312.34447109319,125.077660026621,276.30296464307,2.56014807661355,2.43113414297465,-0.0306049219770711
2024-01-01,339119,-822.478,28708.161,23082.119,5.33,3986.579,100.4575,29.8,2024,1,315.567179543947,124.208541257596,276.433768096789,2.59348285543043,2.42334768854714,0.000407568617620396
2024-04-01,339929,-894.37,29147.044,23286.508,5.33,4087.002,100.894,30.07,2024,2,317.997184641641,122.829385404682,277.15778568524,2.40023979340876,2.41628747416744,-0.17271514147215
2024-07-01,340637,-938.325,29511.664,23478.57,5.26,4194.811,99.8084,30.38,2024,3,319.868056911978,121.854781570735,276.211280363198,2.55495527942854,2.43433091002258,-0.0429156511301244
2024-10-01,341164,-938.666,29825.182,23586.542,4.65,4186.921,100.3273,30.67,2024,4,322.53365954159,122.428960556153,277.375131087265,2.62844287712045,2.4074885634415,0.0553005212127334
2025-01-01,341590,-1264.604,30042.113,23548.21,4.33,4558.265,101.0404,30.97,2025,1,325.290757030802,122.804661886314,279.607186863384,NA,NA,NA
2025-04-01,342034,-899.799,30485.729,23770.976,4.33,4167.305,101.4785,31.26,2025,2,326.960975743324,122.918319298517,277.611852430507,NA,NA,NA
2025-07-01,342555,-761.447,31095.089,24024.957,4.29,4123.367,101.7779,31.52,2025,3,329.662754480349,123.875095371965,279.565010286071,NA,NA,NA
2025-10-01,NA,NA,NA,NA,3.9,NA,102.325,31.76,2025,4,331.46376344934,124.112265042582,283.549403035873,NA,NA,NA
